-- phpMyAdmin SQL Dump
-- version 4.1.12
-- http://www.phpmyadmin.net
--
-- Servidor: 127.0.0.1
-- Tiempo de generación: 13-07-2014 a las 06:41:27
-- Versión del servidor: 5.6.16
-- Versión de PHP: 5.5.11

SET SQL_MODE = "NO_AUTO_VALUE_ON_ZERO";
SET time_zone = "+00:00";


/*!40101 SET @OLD_CHARACTER_SET_CLIENT=@@CHARACTER_SET_CLIENT */;
/*!40101 SET @OLD_CHARACTER_SET_RESULTS=@@CHARACTER_SET_RESULTS */;
/*!40101 SET @OLD_COLLATION_CONNECTION=@@COLLATION_CONNECTION */;
/*!40101 SET NAMES utf8 */;

--
-- Base de datos: `connectinghearts`
--

-- --------------------------------------------------------

--
-- Estructura de tabla para la tabla `contacts`
--

CREATE TABLE IF NOT EXISTS `contacts` (
  `id` int(10) unsigned NOT NULL AUTO_INCREMENT,
  `full_name` varchar(255) COLLATE utf8_unicode_ci NOT NULL,
  `email` varchar(255) COLLATE utf8_unicode_ci NOT NULL,
  `website_url` varchar(255) COLLATE utf8_unicode_ci NOT NULL,
  `telefono1` varchar(255) COLLATE utf8_unicode_ci NOT NULL,
  `telefono2` varchar(255) COLLATE utf8_unicode_ci NOT NULL,
  `direccion` varchar(255) COLLATE utf8_unicode_ci NOT NULL,
  `nombre_pais` varchar(255) COLLATE utf8_unicode_ci NOT NULL,
  `ciudad_ciudad` varchar(255) COLLATE utf8_unicode_ci NOT NULL,
  `notas` text COLLATE utf8_unicode_ci NOT NULL,
  `Contacto_type` enum('Festivalores','Pasando la Antorcha','Pare','Alagran','Conferencia','General') COLLATE utf8_unicode_ci NOT NULL,
  `tipo_id` int(10) unsigned NOT NULL,
  `available` tinyint(1) NOT NULL,
  `slug` varchar(255) COLLATE utf8_unicode_ci NOT NULL,
  `created_at` timestamp NOT NULL DEFAULT '0000-00-00 00:00:00',
  `updated_at` timestamp NOT NULL DEFAULT '0000-00-00 00:00:00',
  PRIMARY KEY (`id`),
  KEY `contacts_tipo_id_foreign` (`tipo_id`)
) ENGINE=InnoDB  DEFAULT CHARSET=utf8 COLLATE=utf8_unicode_ci AUTO_INCREMENT=95 ;

--
-- Volcado de datos para la tabla `contacts`
--

INSERT INTO `contacts` (`id`, `full_name`, `email`, `website_url`, `telefono1`, `telefono2`, `direccion`, `nombre_pais`, `ciudad_ciudad`, `notas`, `Contacto_type`, `tipo_id`, `available`, `slug`, `created_at`, `updated_at`) VALUES
(1, 'Mellie Skiles', 'giovani.bogisich@turner.com', 'http://reynolds.com/', '1-491-748-1707x807', '1-004-706-3987', '13167 Lehner Locks Apt. 345\nHanefort, CO 03416', 'Jamaica', 'O''Konton', 'Enim neque assumenda sit voluptatibus iusto voluptate. Qui dignissimos ut reprehenderit et voluptatem. Vero quae tempora exercitationem odit.', 'Pare', 6, 1, 'mellie-skiles', '2014-06-10 03:21:11', '2014-06-10 03:21:11'),
(2, 'Aubrey Sauer', 'nwiegand@adamsschuppe.com', 'http://www.baumbach.org/', '625-785-8290x899', '(997)666-1062x2918', '3940 Beulah Extensions\nAdalbertobury, DE 63118-8329', 'Papua New Guinea', 'Goodwinside', 'Aut voluptatum provident magnam dolorem cumque consequuntur facilis. Et praesentium aperiam minus perspiciatis.', 'Pasando la Antorcha', 3, 1, 'aubrey-sauer', '2014-06-10 03:21:11', '2014-06-10 03:21:11'),
(3, 'Palma Jast V', 'kovacek.kennedy@dach.org', 'http://pollich.org/', '1-798-802-6314x197', '1-398-607-0426', '8508 Larkin Loaf\nMaximomouth, WA 41688-7730', 'Gambia', 'West Monicachester', 'Aliquid quia ab ea a. Doloribus incidunt eveniet exercitationem quidem eum minima.', 'Festivalores', 3, 1, 'palma-jast-v', '2014-06-10 03:21:11', '2014-06-10 03:21:11'),
(4, 'Mrs. Wade Ankunding MD', 'schamberger.kirstin@wunsch.com', 'http://cassin.com/', '186-069-6579', '1-197-094-4516', '072 Yvette Forks Apt. 593\nPort Madilynshire, AR 99531-1694', 'Australia', 'Anabelbury', 'Iure occaecati quidem facere rem eveniet. Harum voluptas debitis tenetur nemo tenetur quam. Adipisci inventore quibusdam esse. Et est labore culpa illum magnam in laborum.', 'Alagran', 5, 1, 'mrs-wade-ankunding-md', '2014-06-10 03:21:12', '2014-06-10 03:21:12'),
(5, 'Jewel Willms', 'kertzmann.astrid@hotmail.com', 'http://king.com/', '1-056-054-4703', '+74(3)2471834583', '59083 Alanna Highway\nJamietown, HI 98387-8655', 'Kyrgyz Republic', 'Kaceyside', 'Sed et ratione nostrum enim explicabo unde ipsum culpa. Earum vel est molestiae ut nesciunt rem. Aut quod autem deleniti autem iusto sit veniam.', 'Conferencia', 1, 1, 'jewel-willms', '2014-06-10 03:21:12', '2014-06-10 03:21:12'),
(6, 'Clemmie Lockman', 'fisher.saige@hotmail.com', 'http://daugherty.com/', '300.304.4491', '1-781-059-0914x6934', '3568 Zemlak Rapid Suite 013\nNew Khalilborough, AR 62571', 'Palau', 'Weissnatfurt', 'Ipsa est unde incidunt omnis quia. Alias facilis ad excepturi hic aliquam inventore. Quia sed aspernatur quo quasi. Sunt amet blanditiis est ut ea et et.', 'Alagran', 6, 1, 'clemmie-lockman', '2014-06-10 03:21:12', '2014-06-10 03:21:12'),
(7, 'Ms. Arthur Swift', 'vcormier@gmail.com', 'http://lebsack.info/', '597.612.0668x93621', '(712)212-1839', '6667 Carolina Light\nWest Miloton, IN 72110-4757', 'Algeria', 'Kochmouth', 'Est totam aut voluptatem qui eveniet aut eos quia. Labore mollitia aliquid minus laboriosam dicta ut. Et a dolore rem deserunt. Sunt aut alias nisi. Nisi sit est excepturi et placeat dolor sapiente.', 'Alagran', 6, 1, 'ms-arthur-swift', '2014-06-10 03:21:12', '2014-06-10 03:21:12'),
(8, 'Keagan Mitchell', 'elyse.grimes@konopelski.biz', 'http://www.bernier.org/', '1-832-033-6921x298', '1-468-791-4227x4144', '61238 Terry Wall Apt. 639\nAnkundington, IA 47939-6171', 'Antarctica (the territory South of 60 deg S)', 'Lake Jaronside', 'Qui quos possimus eum repudiandae. Et recusandae voluptatem illum minus velit rerum. Laborum nihil eaque aut eos fuga provident. Dolore mollitia esse odit perspiciatis consequatur.', 'Pare', 6, 1, 'keagan-mitchell', '2014-06-10 03:21:12', '2014-06-10 03:21:12'),
(9, 'Jair Celis', 'hector.lowe@hotmail.com', 'http://www.mosciski.com/', '+56(9)6133492511', '169-558-0577x6483', '1905 Ondricka Locks\nWest Remingtonburgh, KS 80029-0887', 'Tajikistan', 'West Imaniside', 'Error architecto fuga repellendus est at dolorem accusamus. Qui sint et et et. Iste exercitationem eaque non quia minus ducimus.', 'Alagran', 2, 1, 'theo-mcglynn', '2014-06-10 03:21:12', '2014-06-10 03:21:12'),
(10, 'Lauren Huel', 'geo35@kunzetremblay.info', 'http://gislason.com/', '120-050-3185', '07961756620', '276 Justina Stravenue\nLulaside, AE 12572-1435', 'New Zealand', 'North Janicechester', 'Aut blanditiis facere qui quia aut numquam. Quibusdam magni ut repellat voluptas.', 'Conferencia', 3, 1, 'lauren-huel', '2014-06-10 03:21:12', '2014-06-10 03:21:12'),
(11, 'Sarina Leffler', 'aurore.kunze@emardgulgowski.com', 'http://waltercarroll.com/', '512-162-4664', '375-345-9026', '176 Tamia Turnpike Suite 116\nPort Rachelborough, DE 53530', 'Fiji', 'Willmsmouth', 'Accusamus eum et alias quis earum doloremque. Qui doloremque distinctio aut velit ut magnam. Nihil voluptas ut repellendus voluptates odit.', 'Festivalores', 5, 1, 'sarina-leffler', '2014-06-10 03:21:12', '2014-06-10 03:21:12'),
(12, 'Jeanette Quigley', 'ismael.schuster@hessel.com', 'http://www.dach.com/', '(167)433-8652x828', '(629)164-5372x656', '655 Quitzon Shoals\nCarlitown, AZ 95452-0327', 'Dominica', 'Port Carletonberg', 'Dolor mollitia expedita vel consequatur ut sed quasi. Amet est consequuntur iure velit libero. Ipsum commodi adipisci occaecati reiciendis autem.', 'Alagran', 1, 1, 'jeanette-quigley', '2014-06-10 03:21:12', '2014-06-10 03:21:12'),
(13, 'Candace Schaden', 'igerhold@hotmail.com', 'http://www.kovacek.info/', '1-708-071-6536x49262', '09172513782', '475 Zieme Grove Apt. 338\nJaidaland, ND 32339-8882', 'Saint Kitts and Nevis', 'Sandrineport', 'Commodi porro repellendus id deserunt eius. Quae qui placeat modi accusantium. Et eos maxime ducimus libero nobis.', 'Festivalores', 2, 1, 'candace-schaden', '2014-06-10 03:21:12', '2014-06-10 03:21:12'),
(14, 'Mina Lakin DDS', 'angus.luettgen@krajcik.info', 'http://www.rippin.com/', '(696)106-8525x78828', '04868565332', '743 Hudson Greens Apt. 045\nWest Enid, ID 72936', 'South Georgia and the South Sandwich Islands', 'Smithfort', 'Accusantium deserunt optio est sequi rerum. Culpa libero deserunt molestiae dicta quia. Et temporibus suscipit voluptate minus architecto qui.', 'General', 3, 1, 'mina-lakin-dds', '2014-06-10 03:21:13', '2014-06-10 03:21:13'),
(15, 'Miss Astrid Becker', 'anthony14@durgan.com', 'http://buckridge.net/', '1-008-679-3695', '1-225-596-2046', '6888 Effertz Lights\nCieloside, NM 65696-0288', 'Egypt', 'Lake Marcfort', 'Eligendi est voluptate magni et nihil odit. Sapiente dolor sit facere eius et. Magni inventore temporibus similique sint qui quia enim.', 'Festivalores', 4, 1, 'miss-astrid-becker', '2014-06-10 03:21:13', '2014-06-10 03:21:13'),
(16, 'Ms. Alysha Mueller I', 'luz18@hicklezieme.com', 'http://www.oconnercremin.com/', '+47(2)0672960040', '1-079-760-5067x95086', '749 Hildegard Lodge Suite 286\nLucioshire, IN 50978', 'Bosnia and Herzegovina', 'Aureliamouth', 'Officia quis fugit amet qui aliquid reiciendis itaque. Quo quam odio eos at eligendi ipsa similique.', 'Conferencia', 3, 1, 'ms-alysha-mueller-i', '2014-06-10 03:21:13', '2014-06-10 03:21:13'),
(17, 'Joe Shields', 'wilderman.dessie@gmail.com', 'http://greenfelderbotsford.com/', '(362)679-7163', '320-491-6624', '66769 Ceasar Port\nPort Janaeborough, MO 18933-4937', 'Bouvet Island (Bouvetoya)', 'Wisozkmouth', 'Qui repellendus reiciendis quia consequatur nam velit sed in. Doloribus molestiae ex est enim et voluptatum sapiente. Quo occaecati aut qui eos.', 'General', 1, 1, 'joe-shields', '2014-06-10 03:21:13', '2014-06-10 03:21:13'),
(18, 'Edmond Volkman', 'hzulauf@yahoo.com', 'http://www.sipes.com/', '(688)101-1978x48950', '1-061-283-9060', '148 Raphael Path Suite 499\nJacobsonburgh, RI 82164', 'Macedonia', 'Hattieville', 'Laboriosam deleniti omnis repudiandae occaecati qui velit consequatur saepe. Libero repudiandae et et molestiae aspernatur. Aut voluptas et soluta totam ut quia minus.', 'Pasando la Antorcha', 3, 1, 'edmond-volkman', '2014-06-10 03:21:13', '2014-06-10 03:21:13'),
(19, 'Ms. Devon Kuhlman', 'lenna.ortiz@gmail.com', 'http://beerroberts.biz/', '(044)009-5500', '1-075-608-1969x75885', '808 Larson Key\nHallieborough, MS 18175', 'Vanuatu', 'South Amarabury', 'Quibusdam qui expedita alias excepturi. Rerum perspiciatis non deserunt. Sapiente vel et similique esse. Consequatur eaque ex libero at id necessitatibus sed.', 'Alagran', 3, 1, 'ms-devon-kuhlman', '2014-06-10 03:21:13', '2014-06-10 03:21:13'),
(20, 'Consuelo Rogahn', 'fatima68@yahoo.com', 'http://www.murray.info/', '1-447-688-2876x3749', '386-061-4560', '9185 Kulas Fort\nCristinaport, WY 12097', 'Saint Helena', 'East Brodyburgh', 'Adipisci expedita veniam est cupiditate impedit reiciendis. Voluptatem dolores unde inventore. Recusandae numquam sequi aut rem. Voluptate qui assumenda corrupti quasi.', 'General', 2, 1, 'consuelo-rogahn', '2014-06-10 03:21:13', '2014-06-10 03:21:13'),
(21, 'Dolores Rempel', 'qparisian@feestgrimes.net', 'http://www.fisher.com/', '1-881-948-0291x835', '(867)627-0894x80410', '2036 Stehr Lights Suite 963\nEast Sageburgh, TX 53401-9032', 'Iceland', 'Lake Cordellport', 'Et corrupti consequuntur in id suscipit. Praesentium esse cupiditate id eius quisquam consectetur aspernatur. Ea ut inventore sit vel.', 'General', 3, 1, 'dolores-rempel', '2014-06-10 03:21:13', '2014-06-10 03:21:13'),
(22, 'Citlalli Baumbach', 'dquigley@hotmail.com', 'http://www.hudson.com/', '1-389-157-8731x091', '1-090-886-2011', '11223 Effertz Forges\nLake Marie, PA 67904', 'Rwanda', 'South Jerel', 'Odit ad quas repellat exercitationem. Aut molestias est porro maiores accusamus iure enim eum. Ut fuga velit dolores eos consequuntur.', 'Alagran', 5, 1, 'citlalli-baumbach', '2014-06-10 03:21:13', '2014-06-10 03:21:13'),
(23, 'Tia Medhurst', 'adam.cummerata@hotmail.com', 'http://gaylordbogan.net/', '021-587-5700', '03009324959', '620 Caleb Shore Suite 152\nDaremouth, MO 49723', 'Norway', 'Stantonchester', 'Autem soluta dolorem sit. Non repellat sit quo. Ut consequuntur ex voluptas iste ut iusto architecto. Dolorem est ducimus praesentium odio.', 'Conferencia', 3, 1, 'tia-medhurst', '2014-06-10 03:21:13', '2014-06-10 03:21:13'),
(24, 'Brandon Wilderman II', 'sbartoletti@legrosernser.com', 'http://www.conroy.com/', '03582822293', '(480)420-2348', '747 Jasmin Unions Suite 736\nRaynorchester, NY 21246-7522', 'New Caledonia', 'South Alvah', 'Perspiciatis quaerat voluptates ipsam optio sapiente. Et sint consequatur pariatur unde voluptatibus qui rerum.', 'Conferencia', 5, 1, 'brandon-wilderman-ii', '2014-06-10 03:21:14', '2014-06-10 03:21:14'),
(25, 'Miss Agustin Kris', 'justice20@hotmail.com', 'http://www.conn.org/', '(469)652-9574x6222', '(055)333-2672', '032 Veum Curve Apt. 995\nToyborough, DE 27715', 'Kuwait', 'Carterchester', 'Omnis ut ullam quia inventore dicta velit ut. Aut harum molestias quaerat adipisci dignissimos dolores non. Laborum autem earum nihil id.', 'Conferencia', 3, 1, 'miss-agustin-kris', '2014-06-10 03:21:14', '2014-06-10 03:21:14'),
(26, 'Burley Terry', 'quinn.o''conner@hotmail.com', 'http://www.botsford.info/', '121-248-5776x931', '533-680-4544', '7591 Greenholt Green Suite 362\nWest Santos, AR 95056-9229', 'Sweden', 'South Jerrell', 'Et voluptatem beatae impedit corporis voluptatem nam. Ab excepturi neque quia atque aspernatur et. Quam qui nihil ad fuga placeat.', 'Alagran', 4, 1, 'burley-terry', '2014-06-10 03:21:14', '2014-06-10 03:21:14'),
(27, 'Timothy Kassulke', 'virgil.lind@gmail.com', 'http://hauck.info/', '668-786-6891', '654.703.5587x287', '78595 Casper Village\nKoelpinburgh, AP 17072', 'Saint Barthelemy', 'East Jesus', 'Maxime impedit nobis dolorem sint mollitia ipsam. Fugit perferendis omnis eius quia sapiente aliquid quibusdam. Rerum consequuntur sunt et labore quibusdam laudantium ex.', 'Festivalores', 4, 1, 'timothy-kassulke', '2014-06-10 03:21:14', '2014-06-10 03:21:14'),
(28, 'Maurine Robel PhD', 'marlene95@kassulkelesch.biz', 'http://hauckwiza.biz/', '(726)100-7951x72086', '534.920.0735', '7736 Andy Port\nWest Romanstad, AA 69634', 'Kenya', 'Lake Selinaside', 'Dolores ut ipsa ut velit. Magnam omnis qui aspernatur ducimus aut. Enim dolores minus occaecati eaque. Labore occaecati sunt vitae qui magni modi aut.', 'Festivalores', 2, 1, 'maurine-robel-phd', '2014-06-10 03:21:14', '2014-06-10 03:21:14'),
(29, 'Robyn McDermott', 'ewilderman@hotmail.com', 'http://lindbashirian.info/', '00213144560', '785.306.5525', '772 Rosalyn Turnpike Apt. 993\nRoweberg, MO 71393-5812', 'Georgia', 'West Christianland', 'Molestias eum magnam nisi nam rerum quaerat voluptatem deserunt. Nihil a nobis corporis odio totam et sed. Rem vel recusandae est qui. Qui odio nam quasi corporis accusantium tempore.', 'Conferencia', 1, 1, 'robyn-mcdermott', '2014-06-10 03:21:14', '2014-06-10 03:21:14'),
(30, 'Cynthia Hartmann', 'dickens.jules@volkman.com', 'http://mcculloughbalistreri.com/', '1-489-632-8931x298', '1-183-962-0722x721', '65696 Abraham Mount\nSouth Keshawnfort, KS 44321', 'Niger', 'Cleomouth', 'Non incidunt quis deserunt reiciendis et. Vero eum et sed ea tenetur. Voluptas impedit ab rem laboriosam.', 'Alagran', 5, 1, 'cynthia-hartmann', '2014-06-10 03:21:14', '2014-06-10 03:21:14'),
(31, 'Lorena Bins', 'hester.schneider@gmail.com', 'http://schimmelhalvorson.com/', '767-877-3134', '179-805-8909', '132 Jason Motorway Suite 487\nGibsonton, MS 12392-4939', 'Italy', 'Hesselfort', 'Aliquid eligendi perferendis et laudantium. Repellendus voluptas modi tempora veritatis consectetur. Veniam unde tempora quis.', 'Conferencia', 5, 1, 'lorena-bins', '2014-06-10 03:21:14', '2014-06-10 03:21:14'),
(32, 'Mr. Onie Dibbert MD', 'ayla34@gmail.com', 'http://www.collinsgulgowski.org/', '1-425-263-1116', '(272)539-7925', '483 Cheyanne Gateway\nNew Clarissaland, NV 13105', 'Vanuatu', 'Amosburgh', 'Et qui laboriosam recusandae et. Porro ipsam sint ipsam repellendus deserunt quos et aut. Iusto eius qui et veritatis est at est. Sint voluptate alias non labore dolores nemo nulla.', 'Festivalores', 6, 1, 'mr-onie-dibbert-md', '2014-06-10 03:21:14', '2014-06-10 03:21:14'),
(33, 'Mrs. Morris Deckow II', 'moses95@yahoo.com', 'http://huelnolan.com/', '(486)856-5359x445', '713-795-2240x308', '6594 Sadye Views Apt. 739\nGleichnershire, DC 48444-1289', 'Croatia', 'West Mertieborough', 'Itaque dolore est et ut nihil libero. Ab ipsa sit et at velit. Molestiae ut cupiditate vitae quibusdam.', 'General', 5, 1, 'mrs-morris-deckow-ii', '2014-06-10 03:21:15', '2014-06-10 03:21:15'),
(34, 'Richard Schamberger', 'mavis73@sauer.com', 'http://jacobs.net/', '06846987177', '+51(4)9567898012', '09235 Sophia Courts\nGorczanystad, IN 15668', 'Saint Helena', 'Ubaldohaven', 'Non sit dolor dolorem. Aperiam eligendi id provident voluptatem voluptatibus facilis at. Accusantium unde vel facere esse vel quas unde exercitationem.', 'Conferencia', 1, 1, 'richard-schamberger', '2014-06-10 03:21:15', '2014-06-10 03:21:15'),
(35, 'Rosalia Considine', 'jeanie.lind@gmail.com', 'http://www.howespencer.com/', '919.869.7224x89009', '+30(5)4658923397', '0060 Hester Island Apt. 424\nSouth Arnulfo, AS 95512', 'Algeria', 'Goyetteside', 'Et mollitia numquam cupiditate sed sed odio. Nisi molestiae delectus vel ut. Commodi velit rem assumenda cumque amet nemo alias.', 'Pasando la Antorcha', 1, 1, 'rosalia-considine', '2014-06-10 03:21:15', '2014-06-10 03:21:15'),
(36, 'Danielle Rau', 'rschamberger@yahoo.com', 'http://orn.net/', '06735947886', '(253)026-4368', '579 Hassan Lodge\nGinoton, OH 15406-8899', 'Burkina Faso', 'Lockmanbury', 'Illo minima sapiente omnis in. Rerum sed ab quia nihil sed. Nobis nihil asperiores deleniti ut totam.', 'Festivalores', 3, 1, 'danielle-rau', '2014-06-10 03:21:15', '2014-06-10 03:21:15'),
(37, 'Blair Witting', 'lulu.morissette@hotmail.com', 'http://mills.biz/', '(268)082-9813x92637', '747.286.3209', '8484 Schultz Island\nJohannport, ND 25236-1862', 'Cyprus', 'New Juwanburgh', 'Reprehenderit omnis vel sed eius error ipsa. Iusto voluptatibus quis est libero id magni. Quia velit rerum libero maxime odio inventore. Earum odio nulla quidem voluptatem cum possimus.', 'Festivalores', 6, 1, 'blair-witting', '2014-06-10 03:21:15', '2014-06-10 03:21:15'),
(38, 'Porter Wehner IV', 'nicolas.kelsi@yahoo.com', 'http://www.legros.com/', '578-889-2205', '261-523-3644x8675', '238 Ruthe Stravenue Apt. 424\nNorth Magalichester, NC 04415-9780', 'Saudi Arabia', 'Barbaraborough', 'Error maxime exercitationem dolore et doloremque cum ea. Aut ut expedita modi porro omnis dolores.', 'Festivalores', 6, 1, 'porter-wehner-iv', '2014-06-10 03:21:15', '2014-06-10 03:21:15'),
(39, 'Dr. Hellen Goodwin IV', 'chanelle86@smith.com', 'http://www.heathcotecassin.com/', '736.798.9622x361', '+09(7)1979057802', '554 Vandervort Glens Suite 486\nPort Watson, HI 95887', 'Dominican Republic', 'Friesenfurt', 'Quae maiores ad non non deleniti. Qui aut porro nihil ut veniam rerum at. Voluptatem suscipit cumque qui vero commodi deleniti et qui.', 'General', 1, 1, 'dr-hellen-goodwin-iv', '2014-06-10 03:21:15', '2014-06-10 03:21:15'),
(40, 'Dr. Tianna Corwin', 'thiel.angie@labadie.biz', 'http://schimmel.com/', '07305810333', '852-101-3219x429', '9557 Jerde Fields Suite 033\nNew Lavonne, NM 72244', 'Iceland', 'Lake Lavonne', 'Enim quibusdam accusamus temporibus et. Et sunt consequatur veritatis sunt maiores. Voluptas delectus voluptas numquam consectetur delectus.', 'General', 4, 1, 'dr-tianna-corwin', '2014-06-10 03:21:15', '2014-06-10 03:21:15'),
(41, 'Ms. Brenna Renner', 'beier.modesto@gmail.com', 'http://www.goyette.org/', '1-361-682-4120', '+52(2)7137488870', '637 Abdullah Brook Suite 113\nSouth Arch, MD 64927-9997', 'Hungary', 'North Camryn', 'Qui illo quam eos ea. Accusantium nobis corrupti ipsum maiores quos sunt sequi. Et non qui quis ut maiores.', 'Alagran', 4, 1, 'ms-brenna-renner', '2014-06-10 03:21:15', '2014-06-10 03:21:15'),
(42, 'Ashton Wilkinson', 'fleta75@fahey.net', 'http://lockman.com/', '1-835-563-1491', '148.196.0366x194', '744 Kessler Street\nPercivalton, VI 63446', 'Anguilla', 'Sheilastad', 'Fugiat hic quis nam natus. Velit dolor eum accusamus quos soluta in adipisci. Ut minus veritatis nulla eaque ut dolorem.', 'Pasando la Antorcha', 5, 1, 'ashton-wilkinson', '2014-06-10 03:21:16', '2014-06-10 03:21:16'),
(43, 'Santos Aufderhar', 'webster74@runte.com', 'http://rosenbaummante.com/', '637-980-3323', '786-612-5246x47163', '43904 Anderson Throughway Suite 496\nRobelview, CA 66840-6624', 'United States Minor Outlying Islands', 'Hollybury', 'Culpa aut tempore nemo assumenda rerum. Facere id repellendus cupiditate vel. Cupiditate ullam ratione et distinctio necessitatibus.', 'Alagran', 4, 1, 'santos-aufderhar', '2014-06-10 03:21:16', '2014-06-10 03:21:16'),
(44, 'Maximilian Hansen', 'lorena85@hotmail.com', 'http://www.borer.info/', '465.647.3540', '1-524-049-7388', '566 Kira Ramp Apt. 005\nZemlakville, NH 58350', 'Luxembourg', 'Goyetteshire', 'Animi aperiam facilis et. Expedita voluptas eum sunt sit voluptas eum id. Est saepe velit harum harum aliquid fugiat.', 'Pare', 4, 1, 'maximilian-hansen', '2014-06-10 03:21:16', '2014-06-10 03:21:16'),
(45, 'Ms. Ivah Legros PhD', 'yundt.abdul@pollich.info', 'http://conroy.org/', '09417781403', '+42(2)9706378220', '00383 Cruickshank Hills Apt. 615\nMaggiomouth, MD 27070-0688', 'Liechtenstein', 'West Elmershire', 'Ratione culpa quisquam excepturi dolorem pariatur. Qui maxime veniam totam. Veritatis eum omnis minima assumenda tempora.', 'Festivalores', 5, 1, 'ms-ivah-legros-phd', '2014-06-10 03:21:16', '2014-06-10 03:21:16'),
(46, 'Jerad Heathcote', 'tommie40@gmail.com', 'http://www.lynch.com/', '1-743-599-7668', '(566)678-6432', '07411 Streich Mission\nSouth Clementina, HI 49854', 'South Georgia and the South Sandwich Islands', 'VonRuedenton', 'Quod rerum expedita voluptas aut laboriosam rerum doloremque. Dolores doloremque minus quis aut sapiente. Itaque fuga et amet harum aut.', 'Alagran', 4, 1, 'jerad-heathcote', '2014-06-10 03:21:16', '2014-06-10 03:21:16'),
(47, 'Miss Marc Dach IV', 'lesley89@stracke.biz', 'http://www.volkman.com/', '154-125-8565x730', '929-817-2410', '91828 Barton Square\nLake Kiel, HI 26254-5088', 'Uganda', 'Port Stephen', 'Sed rerum ab asperiores aut cum distinctio ut. Rerum repellendus occaecati perspiciatis ut minus molestiae qui. Alias et nulla cumque vitae adipisci esse.', 'Conferencia', 5, 1, 'miss-marc-dach-iv', '2014-06-10 03:21:16', '2014-06-10 03:21:16'),
(48, 'Mathew Keeling', 'andrew.champlin@gmail.com', 'http://kuvalis.net/', '+45(1)6574974981', '1-127-970-5757x431', '539 Kuhlman Streets Apt. 524\nPort Ryleigh, ID 41931-1868', 'Macedonia', 'Cummerataside', 'Quas rerum sed quidem deleniti. Aut sint reiciendis eligendi vel. Ut numquam reprehenderit aut nihil.', 'Alagran', 5, 1, 'mathew-keeling', '2014-06-10 03:21:16', '2014-06-10 03:21:16'),
(49, 'Edmond Larson', 'reilly.kaylee@hotmail.com', 'http://pagacturcotte.info/', '(968)563-6849', '(073)926-3012', '27611 Vandervort Forge\nSouth Newton, CO 82615-6305', 'Cambodia', 'East Tessborough', 'In architecto exercitationem et necessitatibus quae id. Nemo voluptatem ea quo quasi commodi consequuntur. Voluptate enim dolores qui ad rem cupiditate ad.', 'Alagran', 2, 1, 'edmond-larson', '2014-06-10 03:21:16', '2014-06-10 03:21:16'),
(50, 'Kaya Jacobs', 'crona.frederique@will.com', 'http://bartell.com/', '260.491.5590x8760', '(706)656-5173x7708', '8016 Spinka Ford\nKingmouth, NE 90800', 'Congo', 'North Queen', 'Fugit voluptatem deserunt tempora cupiditate sint vitae. Blanditiis magni sed et et facilis ut expedita. Et dolorum amet minus maxime ipsum ex sed. Qui aut eligendi cum consequuntur.', 'Pasando la Antorcha', 1, 1, 'kaya-jacobs', '2014-06-10 03:21:16', '2014-06-10 03:21:16'),
(51, 'Leslie Hermann', 'arturo62@yahoo.com', 'http://www.leuschke.org/', '709-195-1234', '(744)539-8252', '1355 Ora Light Apt. 228\nLake Kristofferchester, UT 23314', 'Haiti', 'South Orrinland', 'Alias dignissimos et odit sit autem fugit iusto. Non laudantium quae molestias praesentium dolorem. Odit quo molestiae enim dolores commodi. Consequatur natus aperiam hic eum earum deserunt amet.', 'General', 2, 1, 'leslie-hermann', '2014-06-10 03:21:17', '2014-06-10 03:21:17'),
(52, 'Ms. Lue Weber III', 'kerluke.lloyd@gmail.com', 'http://www.johnstontromp.net/', '1-669-620-9656x84446', '1-615-816-9629x15213', '221 Lesch Cove\nSouth Shanon, MA 30030-8225', 'Jordan', 'East Rachel', 'Voluptatibus in voluptas voluptates voluptatem. Et reprehenderit impedit non labore ab. Aspernatur eius ipsam accusamus officia sint. Reprehenderit quibusdam veritatis enim.', 'General', 5, 1, 'ms-lue-weber-iii', '2014-06-10 03:21:17', '2014-06-10 03:21:17'),
(53, 'Jocelyn Schultz IV', 'pollich.kris@swaniawskiklocko.com', 'http://www.kutchleuschke.org/', '449.684.3493', '(033)779-8690', '10528 Casandra Forge\nNatashastad, FL 42308-1819', 'United Kingdom', 'Lake Fosterburgh', 'Officiis dolor rerum est ut. Tempora occaecati totam non explicabo possimus officiis sapiente. Laudantium expedita modi quibusdam et dolores. Et quos debitis dolor quasi repellat est.', 'Conferencia', 2, 1, 'jocelyn-schultz-iv', '2014-06-10 03:21:17', '2014-06-10 03:21:17'),
(54, 'Dereck Kreiger', 'xstanton@aufderhar.com', 'http://bartell.com/', '961.475.1215', '543-648-9484x6757', '3648 Stanton Land\nMarquardtburgh, CT 73929', 'Zimbabwe', 'Wilfredview', 'Placeat et vel aliquam at provident adipisci. Corrupti magni culpa sapiente magnam. Doloribus tenetur adipisci qui labore ratione. Reprehenderit aperiam iure aliquam illum aut.', 'Festivalores', 3, 1, 'dereck-kreiger', '2014-06-10 03:21:17', '2014-06-10 03:21:17'),
(55, 'Barton Koelpin MD', 'mfahey@klockoconnelly.biz', 'http://corwin.org/', '726.375.6737', '+51(6)0597368355', '003 Karlee Village\nAbernathyburgh, CO 98304-0299', 'Bolivia', 'Port Margeburgh', 'Officiis tempora ut fuga quo. Id tenetur est et modi. Facere accusamus commodi possimus. Quae cum nihil asperiores odio dicta ea.', 'Festivalores', 5, 1, 'barton-koelpin-md', '2014-06-10 03:21:17', '2014-06-10 03:21:17'),
(56, 'Irwin Breitenberg', 'stan91@yahoo.com', 'http://www.lemke.info/', '+06(6)3422881433', '243.395.2664', '1875 Kurtis Trafficway\nPort Shanelchester, DE 47509-5349', 'Sudan', 'Gradyside', 'Cumque veritatis est sit qui. Tempore veritatis ratione possimus. Animi voluptate sapiente sed omnis eligendi voluptate fuga aperiam.', 'Pare', 6, 1, 'irwin-breitenberg', '2014-06-10 03:21:17', '2014-06-10 03:21:17'),
(57, 'Doyle Monahan', 'igottlieb@becker.com', 'http://beer.org/', '1-658-069-7019x69609', '496.846.1521', '48557 Claudie Junction\nKarianneside, KY 15334-0675', 'Spain', 'Lake Mariah', 'Impedit quia illum voluptatibus. Qui tempore eos rem eius enim est quisquam voluptas. Eius adipisci consectetur commodi quo recusandae doloribus velit.', 'Festivalores', 5, 1, 'doyle-monahan', '2014-06-10 03:21:17', '2014-06-10 03:21:17'),
(58, 'Marlene Berge', 'quigley.rashad@hotmail.com', 'http://www.dach.com/', '1-317-350-3797', '1-775-172-4074x354', '26718 Rippin Club Apt. 547\nCyrushaven, MO 91138', 'Tunisia', 'Damonshire', 'Sunt sunt rem eos sapiente et. Accusamus debitis porro ullam qui sit. Eveniet pariatur accusantium doloribus aliquid. Tempore corporis a sint nesciunt.', 'Pare', 5, 1, 'marlene-berge', '2014-06-10 03:21:17', '2014-06-10 03:21:17'),
(59, 'Mireille Sanford II', 'zora.hirthe@ondrickadouglas.com', 'http://www.kirlin.com/', '(232)289-7254', '264-573-6526', '267 Angelita Summit Suite 140\nPearlmouth, OK 47038', 'Nigeria', 'Cormierville', 'Architecto ullam repellendus error aliquid perspiciatis quod. Totam explicabo rem hic et distinctio odio. Perspiciatis at pariatur ad quisquam. Voluptatum vel modi explicabo dolor quia.', 'Pasando la Antorcha', 6, 1, 'mireille-sanford-ii', '2014-06-10 03:21:18', '2014-06-10 03:21:18'),
(60, 'Kameron Stoltenberg', 'imani.williamson@yahoo.com', 'http://feil.com/', '536-665-2671', '1-546-191-7305x319', '59588 Gislason Field Suite 909\nSouth Madysonstad, PA 14081', 'Croatia', 'Beierfort', 'Non quia dolore aut quia velit accusantium asperiores maxime. A aut explicabo maxime vitae. Veritatis blanditiis consequatur quia aut explicabo repudiandae dolor.', 'Pasando la Antorcha', 3, 1, 'kameron-stoltenberg', '2014-06-10 03:21:18', '2014-06-10 03:21:18'),
(61, 'Ms. Sarah Hills Sr.', 'emma80@gerlach.biz', 'http://www.heaneyroberts.net/', '1-921-589-4129x2127', '(363)566-9749x12501', '304 Lebsack Union Apt. 241\nNew Ali, AP 96666', 'Honduras', 'Mrazberg', 'Placeat dolorem qui aut nostrum excepturi ut et. Magnam eligendi laudantium rerum. Voluptatem esse itaque corrupti alias. Eveniet porro maxime deserunt vel.', 'Pare', 6, 1, 'ms-sarah-hills-sr', '2014-06-10 03:21:18', '2014-06-10 03:21:18'),
(62, 'Raquel Mohr', 'mitchell.kendra@kozey.org', 'http://www.marks.com/', '(012)222-9588', '820.457.5632x5119', '017 Alena Burg Apt. 546\nEast Richardport, WY 81431-6100', 'Lithuania', 'Hesselfort', 'In maiores molestiae a ipsa et voluptate. Repudiandae dolores quod qui non placeat architecto. Iste quis qui quia sunt molestiae sapiente vel amet.', 'Alagran', 6, 1, 'raquel-mohr', '2014-06-10 03:21:18', '2014-06-10 03:21:18'),
(63, 'Chaya Hartmann', 'ahoppe@walshkessler.info', 'http://www.brauncormier.biz/', '904-003-8580x17275', '717-659-1869', '42595 Viviane Route Apt. 398\nFisherfurt, WI 55469', 'Uganda', 'West Leonoraside', 'Voluptatum consequatur accusamus qui porro voluptatem. Aliquid veritatis voluptates nam at qui unde. Quia cum nesciunt magnam eius.', 'Pasando la Antorcha', 4, 1, 'chaya-hartmann', '2014-06-10 03:21:18', '2014-06-10 03:21:18'),
(64, 'Wyman Veum', 'bartell.ivah@gmail.com', 'http://www.dubuque.com/', '542-882-3930', '(034)221-2839x705', '932 Joey Landing\nJeramiebury, MN 86274', 'Gabon', 'Vonmouth', 'Dicta aspernatur qui ut debitis eligendi molestiae. Laudantium nobis maiores porro et commodi sit. Veritatis quisquam adipisci nulla dolorem.', 'Pasando la Antorcha', 1, 1, 'wyman-veum', '2014-06-10 03:21:18', '2014-06-10 03:21:18'),
(65, 'Mr. Abigail Murray V', 'howe.malinda@torphy.com', 'http://leffler.info/', '1-051-488-4162', '956.423.7796x31362', '732 Leffler Islands\nEast Rasheed, FM 03060', 'Algeria', 'South Evie', 'Voluptatibus atque molestiae incidunt dignissimos molestias dolor sint ut. Tempore aut rerum molestiae et blanditiis et aut. Suscipit rerum itaque quis quae pariatur corrupti.', 'Alagran', 5, 1, 'mr-abigail-murray-v', '2014-06-10 03:21:18', '2014-06-10 03:21:18'),
(66, 'Mrs. Deborah DuBuque V', 'albert62@gmail.com', 'http://lind.com/', '+02(0)8625667075', '01866742884', '4488 Cormier Loop\nRatkeville, OH 70724-5074', 'Burkina Faso', 'North Clement', 'Qui sed quam voluptatem dolores. Sunt veritatis libero unde. Eos accusantium quis aut quia deleniti inventore expedita.', 'Pasando la Antorcha', 5, 1, 'mrs-deborah-dubuque-v', '2014-06-10 03:21:18', '2014-06-10 03:21:18'),
(67, 'Mr. Aliza Glover II', 'fgrant@yahoo.com', 'http://jacobson.net/', '049.045.9479x0626', '+52(8)4304641811', '988 Niko Forge Suite 280\nPort Evie, VI 87091', 'Bangladesh', 'New Jeradland', 'Ea id repudiandae non repudiandae. Maxime et quisquam ut aliquid. Suscipit beatae natus dignissimos aut aut ut nam qui. Nihil quas totam est est eaque fugit eveniet.', 'Festivalores', 6, 1, 'mr-aliza-glover-ii', '2014-06-10 03:21:18', '2014-06-10 03:21:18'),
(68, 'Clementine Casper', 'arch38@hotmail.com', 'http://borerzieme.info/', '(400)817-2680x7843', '100-473-2083x0569', '42874 Crona Falls Suite 506\nSouth Kathryne, KY 50036', 'Sierra Leone', 'South Alexandrine', 'Dicta dolorum omnis voluptas quis. Eum dolor quibusdam alias eaque nihil. Accusantium eum beatae nihil sint rem.', 'Alagran', 1, 1, 'clementine-casper', '2014-06-10 03:21:19', '2014-06-10 03:21:19'),
(69, 'Daisha Glover', 'jolie.schaden@west.com', 'http://kuhlman.org/', '745-652-1584x7917', '(081)027-4985', '66238 Kennedi Street Suite 028\nSouth Ewellbury, UT 87367-9129', 'Korea', 'Llewellynchester', 'Illo mollitia inventore voluptate aliquid explicabo. Sint quasi consectetur blanditiis aut.', 'Conferencia', 4, 1, 'daisha-glover', '2014-06-10 03:21:19', '2014-06-10 03:21:19'),
(70, 'Miss Pierce Hirthe Sr.', 'cormier.jesus@hotmail.com', 'http://klocko.com/', '(693)044-4242x1017', '+00(4)0798788418', '67502 Johanna Summit\nEast Abbey, KY 89853-7318', 'Bulgaria', 'Madilynshire', 'Eos omnis incidunt provident et iure et qui. Nihil repudiandae omnis voluptatibus sed fugit aut velit. Tempora dolor sit vel molestias.', 'Festivalores', 1, 1, 'miss-pierce-hirthe-sr', '2014-06-10 03:21:19', '2014-06-10 03:21:19'),
(71, 'Carissa Legros', 'jaleel81@hotmail.com', 'http://www.crist.com/', '683-704-7635x948', '753.100.0494', '886 Jovanny Key Suite 723\nOndrickachester, IA 06295', 'Nigeria', 'Reichelland', 'Recusandae debitis placeat minima amet eaque ipsam nobis est. Itaque et eaque cum odit. Cum fugiat esse sapiente rerum quibusdam ex.', 'Conferencia', 3, 1, 'carissa-legros', '2014-06-10 03:21:19', '2014-06-10 03:21:19'),
(72, 'Antoinette Raynor', 'carter.marquis@brakus.com', 'http://www.langworth.biz/', '(578)492-8040x7384', '(207)244-6443', '343 Edwardo Lake Apt. 869\nJosiahville, AL 39757-3491', 'Latvia', 'Cleorastad', 'Minus corporis excepturi magni modi labore reprehenderit id. Dignissimos molestiae consequatur consectetur consequuntur alias est. Sunt veniam natus ea eius est et voluptatem.', 'Festivalores', 6, 1, 'antoinette-raynor', '2014-06-10 03:21:19', '2014-06-10 03:21:19'),
(73, 'Joannie Mohr', 'camila77@jakubowskiryan.com', 'http://www.jakubowski.biz/', '09789772462', '1-139-344-1538x54860', '3785 Rosenbaum Estate\nNorth Eveline, AZ 66036', 'American Samoa', 'New Gunner', 'Est tenetur explicabo alias nulla aliquam totam. Iusto id deserunt dolores assumenda eligendi quo laudantium laborum. Blanditiis nihil nesciunt cupiditate expedita.', 'Pasando la Antorcha', 4, 1, 'joannie-mohr', '2014-06-10 03:21:19', '2014-06-10 03:21:19'),
(74, 'Celine Langosh', 'emann@kertzmann.net', 'http://www.olson.com/', '06606434543', '1-834-482-2606x72554', '1232 Halvorson Shore\nRempelton, AP 80928-0149', 'Bahamas', 'North Imamouth', 'Accusantium qui maxime incidunt. Animi sint dolor corrupti possimus autem dolor. Fugit consectetur nulla perspiciatis fugiat. Consequatur sit delectus atque.', 'Festivalores', 2, 1, 'celine-langosh', '2014-06-10 03:21:19', '2014-06-10 03:21:19'),
(75, 'Myrl McClure', 'kaley03@boehm.org', 'http://www.goodwin.net/', '(615)354-6024', '(093)851-3117x27514', '7855 Orn Ford Apt. 967\nLeathaport, OK 34089-3738', 'Georgia', 'Nelsonstad', 'Quis culpa ullam enim et consequatur. Dolorem quas quo commodi excepturi necessitatibus saepe ex. Et minima illum qui qui id. Quis qui non dolores consequuntur consequatur.', 'Conferencia', 4, 1, 'myrl-mcclure', '2014-06-10 03:21:19', '2014-06-10 03:21:19'),
(76, 'Precious Prohaska', 'rollin.farrell@yahoo.com', 'http://torphyjerde.info/', '1-721-340-2251x8975', '121-159-8697x46033', '53024 Jackeline Locks Apt. 927\nJosiahborough, OR 65969', 'Niger', 'South Destinee', 'In voluptas et porro iste vel ipsum qui eveniet. Fuga perferendis blanditiis aliquam et ducimus voluptate. Voluptas provident optio aspernatur omnis incidunt ut.', 'Alagran', 4, 1, 'precious-prohaska', '2014-06-10 03:21:19', '2014-06-10 03:21:19'),
(77, 'Steve Langworth', 'satterfield.dewayne@herman.com', 'http://dibbert.org/', '1-811-374-3988', '(039)248-2130', '4507 Isabel Landing Suite 793\nNorth Cristal, MN 76945', 'Cook Islands', 'Lake Oswald', 'Nihil voluptas laudantium fugit fugit amet dolore reiciendis. Rerum et ullam vel. Atque officia quasi numquam ea repellat.', 'Conferencia', 3, 1, 'steve-langworth', '2014-06-10 03:21:19', '2014-06-10 03:21:19'),
(78, 'Gaylord Wehner', 'ralph18@corwinlittel.com', 'http://dooleywilliamson.com/', '417.238.3120x710', '597.749.8853x444', '511 Fadel Road\nQuentinville, CA 07568-3561', 'Senegal', 'West Mckenzie', 'Ut sunt eligendi error vitae eveniet qui. Vel enim cupiditate eos rem facere. Ipsum a perferendis est inventore dolorem laboriosam.', 'Conferencia', 4, 1, 'gaylord-wehner', '2014-06-10 03:21:19', '2014-06-10 03:21:19'),
(79, 'Mr. Rebeka Smith MD', 'eugene.halvorson@parisian.com', 'http://www.von.org/', '564.563.9780x820', '1-215-209-5347x338', '462 Reichel Well Apt. 194\nEast Gwendolyn, HI 54241-7681', 'Aruba', 'Garnetthaven', 'Magni delectus sed quam quis aut magnam. Impedit incidunt consequatur inventore quia est occaecati. Numquam quisquam eos aut voluptatem. Eos tempora doloremque libero similique quo.', 'Pare', 2, 1, 'mr-rebeka-smith-md', '2014-06-10 03:21:20', '2014-06-10 03:21:20'),
(80, 'Breana O''Reilly', 'salvador60@keebler.com', 'http://keeblerheathcote.com/', '(981)987-6341', '347-418-3799', '83961 Lesly Ferry Apt. 839\nTobinstad, AK 65906', 'Bosnia and Herzegovina', 'Reynoldsmouth', 'Distinctio alias quae ullam at quo esse. Non sit quo est molestias delectus cumque. Vel officiis fugit perspiciatis eaque aut cupiditate aliquid ut.', 'Pare', 4, 1, 'breana-oreilly', '2014-06-10 03:21:20', '2014-06-10 03:21:20'),
(81, 'Jair Fabian ', 'jair.celis@rdt.la', 'rdt.la', '20202020202', '101010101010', 'calle No31 b 20', 'Colombia', 'Bogota', 'jkajfkasdjak', 'Pare', 2, 1, '', '2014-07-11 04:48:25', '2014-07-11 04:48:25'),
(89, 'elena soto', 'colombiass@heartsinaction.org', 'heartsinaction.org', '1919191991', '18181881188181', 'calle 2 No 31b 20', 'colombia', 'bogota', 'jksfdhajksdfkdaskfj kjkasdjfdaslkjfa  kasjfklfjakl', 'Festivalores', 3, 1, '', '2014-07-11 08:39:47', '2014-07-11 08:39:47'),
(90, 'hector', 'h@m.com', 'kfajs', 'jjfaskjfaslk', 'jkjfakjfkal', 'kjklfasjdlkjfkasljkjkdsk', 'jkfajsdfkjdskjfskafjk', 'kjkadsjfkdsjdkjkjjfkasdfjk', 'jkfasjfkajfkdjdfksajflk', 'Festivalores', 1, 1, '', '2014-07-11 08:59:40', '2014-07-11 08:59:40'),
(91, 'Jair Celis', 'jair.celis@jairsabe.com', 'fjkafjask', 'kjdfakfjadkl', 'kjaklsdfjaklj', 'jfakfjdakl', 'jasdfkljfasdklj', 'jkadflsjfadklsj', 'jsdfkladfjasdkl', 'Festivalores', 2, 1, '', '2014-07-12 03:19:23', '2014-07-12 03:19:23'),
(92, 'jair celis', 'ta@m.co', 'dksfjaskl', 'jksdfajdfkla', 'jklfjasdklfj', 'jksdfjakl', '1', 'dsffadsf', 'fsdhjfasdhfkl', 'Festivalores', 1, 1, 'jair-celis', '2014-07-12 04:38:39', '2014-07-12 04:38:39'),
(93, 'jafjad', 'jair.celis@haha.com', 'ksdfjakldf', 'jafklsjfkl', 'jsfaksfjakl', 'jcakfjdka', '1', '1', 'fasdjfadks', 'Festivalores', 1, 1, '', '2014-07-12 06:05:24', '2014-07-12 06:05:24'),
(94, 'jafjad', 'jair.celis@hdaha.com', 'ksdfjakldf', 'jafklsjfkl', 'jsfaksfjakl', 'jcakfjdka', '1', '1', 'fasdjfadks', 'Festivalores', 1, 1, '', '2014-07-12 06:08:59', '2014-07-12 06:08:59');

-- --------------------------------------------------------

--
-- Estructura de tabla para la tabla `lista_estados`
--

CREATE TABLE IF NOT EXISTS `lista_estados` (
  `id` int(10) unsigned NOT NULL AUTO_INCREMENT,
  `estados` varchar(255) COLLATE utf8_unicode_ci NOT NULL,
  `id_pais` int(11) NOT NULL,
  PRIMARY KEY (`id`)
) ENGINE=InnoDB  DEFAULT CHARSET=utf8 COLLATE=utf8_unicode_ci AUTO_INCREMENT=34 ;

--
-- Volcado de datos para la tabla `lista_estados`
--

INSERT INTO `lista_estados` (`id`, `estados`, `id_pais`) VALUES
(1, 'ANTIOQUIA', 1),
(2, 'AMAZONAS', 1),
(3, 'ARAUCA', 1),
(4, 'ATLANTICO', 1),
(5, 'BOGOTA', 1),
(6, 'BOLIVAR', 1),
(7, 'BOYACA', 1),
(8, 'CALDAS', 1),
(9, 'CAQUETA', 1),
(10, 'CASANARE', 1),
(11, 'CAUCA', 1),
(12, 'CESAR', 1),
(13, 'CHOCO', 1),
(14, 'CORDOBA', 1),
(15, 'CUNDINAMARCA', 1),
(16, 'GUAINIA', 1),
(17, 'GUAVIARE', 1),
(18, 'HUILA', 1),
(19, 'LA GUAJIRA', 1),
(20, 'MAGDALENA', 1),
(21, 'META', 1),
(22, 'NORTE DE SANTANDER', 1),
(23, 'NARIÑO', 1),
(24, 'PUTUMAYO', 1),
(25, 'QUINDIO', 1),
(26, 'RISARALDA', 1),
(27, 'SAN ANDRES', 1),
(28, 'SANTANDER', 1),
(29, 'SUCRE', 1),
(30, 'TOLIMA', 1),
(31, 'VALLE DEL CAUCA', 1),
(32, 'VAUPES', 1),
(33, 'VICHADA', 1);

-- --------------------------------------------------------

--
-- Estructura de tabla para la tabla `lista_municipios`
--

CREATE TABLE IF NOT EXISTS `lista_municipios` (
  `id` int(10) unsigned NOT NULL AUTO_INCREMENT,
  `municipio` varchar(255) COLLATE utf8_unicode_ci NOT NULL,
  `id_pais` int(11) NOT NULL,
  `id_estado` int(11) NOT NULL,
  PRIMARY KEY (`id`)
) ENGINE=InnoDB  DEFAULT CHARSET=utf8 COLLATE=utf8_unicode_ci AUTO_INCREMENT=1123 ;

--
-- Volcado de datos para la tabla `lista_municipios`
--

INSERT INTO `lista_municipios` (`id`, `municipio`, `id_pais`, `id_estado`) VALUES
(1, 'MEDELLÍN', 1, 1),
(2, 'ABEJORRAL', 1, 1),
(3, 'ABRIAQUÍ', 1, 1),
(4, 'ALEJANDRÍA', 1, 1),
(5, 'AMAGÁ', 1, 1),
(6, 'AMALFI', 1, 1),
(7, 'ANDES', 1, 1),
(8, 'ANGELÓPOLIS', 1, 1),
(9, 'ANGOSTURA', 1, 1),
(10, 'ANORÍ', 1, 1),
(11, 'SANTA FÉ DE ANTIOQUIA', 1, 1),
(12, 'ANZÁ', 1, 1),
(13, 'APARTADÓ', 1, 1),
(14, 'ARBOLETES', 1, 1),
(15, 'ARGELIA', 1, 1),
(16, 'ARMENIA', 1, 1),
(17, 'BARBOSA', 1, 1),
(18, 'BELMIRA', 1, 1),
(19, 'BELLO', 1, 1),
(20, 'BETANIA', 1, 1),
(21, 'BETULIA', 1, 1),
(22, 'CIUDAD BOLÍVAR', 1, 1),
(23, 'BRICEÑO', 1, 1),
(24, 'BURITICÁ', 1, 1),
(25, 'CÁCERES', 1, 1),
(26, 'CAICEDO', 1, 1),
(27, 'CALDAS', 1, 1),
(28, 'CAMPAMENTO', 1, 1),
(29, 'CAÑASGORDAS', 1, 1),
(30, 'CARACOLÍ', 1, 1),
(31, 'CARAMANTA', 1, 1),
(32, 'CAREPA', 1, 1),
(33, 'EL CARMEN DE VIBORAL', 1, 1),
(34, 'CAROLINA', 1, 1),
(35, 'CAUCASIA', 1, 1),
(36, 'CHIGORODÓ', 1, 1),
(37, 'CISNEROS', 1, 1),
(38, 'COCORNÁ', 1, 1),
(39, 'CONCEPCIÓN', 1, 1),
(40, 'CONCORDIA', 1, 1),
(41, 'COPACABANA', 1, 1),
(42, 'DABEIBA', 1, 1),
(43, 'DONMATÍAS', 1, 1),
(44, 'EBÉJICO', 1, 1),
(45, 'EL BAGRE', 1, 1),
(46, 'ENTRERRÍOS', 1, 1),
(47, 'ENVIGADO', 1, 1),
(48, 'FREDONIA', 1, 1),
(49, 'FRONTINO', 1, 1),
(50, 'GIRALDO', 1, 1),
(51, 'GIRARDOTA', 1, 1),
(52, 'GÓMEZ PLATA', 1, 1),
(53, 'GRANADA', 1, 1),
(54, 'GUADALUPE', 1, 1),
(55, 'GUARNE', 1, 1),
(56, 'GUATAPÉ', 1, 1),
(57, 'HELICONIA', 1, 1),
(58, 'HISPANIA', 1, 1),
(59, 'ITAGÜÍ', 1, 1),
(60, 'ITUANGO', 1, 1),
(61, 'JARDÍN', 1, 1),
(62, 'JERICÓ', 1, 1),
(63, 'LA CEJA', 1, 1),
(64, 'LA ESTRELLA', 1, 1),
(65, 'LA PINTADA', 1, 1),
(66, 'LA UNIÓN', 1, 1),
(67, 'LIBORINA', 1, 1),
(68, 'MACEO', 1, 1),
(69, 'MARINILLA', 1, 1),
(70, 'MONTEBELLO', 1, 1),
(71, 'MURINDÓ', 1, 1),
(72, 'MUTATÁ', 1, 1),
(73, 'NARIÑO', 1, 1),
(74, 'NECOCLÍ', 1, 1),
(75, 'NECHÍ', 1, 1),
(76, 'OLAYA', 1, 1),
(77, 'PEÑOL', 1, 1),
(78, 'PEQUE', 1, 1),
(79, 'PUEBLORRICO', 1, 1),
(80, 'PUERTO BERRÍO', 1, 1),
(81, 'PUERTO NARE', 1, 1),
(82, 'PUERTO TRIUNFO', 1, 1),
(83, 'REMEDIOS', 1, 1),
(84, 'RETIRO', 1, 1),
(85, 'RIONEGRO', 1, 1),
(86, 'SABANALARGA', 1, 1),
(87, 'SABANETA', 1, 1),
(88, 'SALGAR', 1, 1),
(89, 'SAN ANDRÉS DE CUERQUÍA', 1, 1),
(90, 'SAN CARLOS', 1, 1),
(91, 'SAN FRANCISCO', 1, 1),
(92, 'SAN JERÓNIMO', 1, 1),
(93, 'SAN JOSÉ DE LA MONTAÑA', 1, 1),
(94, 'SAN JUAN DE URABÁ', 1, 1),
(95, 'SAN LUIS', 1, 1),
(96, 'SAN PEDRO DE LOS MILAGROS', 1, 1),
(97, 'SAN PEDRO DE URABÁ', 1, 1),
(98, 'SAN RAFAEL', 1, 1),
(99, 'SAN ROQUE', 1, 1),
(100, 'SAN VICENTE FERRER', 1, 1),
(101, 'SANTA BÁRBARA', 1, 1),
(102, 'SANTA ROSA DE OSOS', 1, 1),
(103, 'SANTO DOMINGO', 1, 1),
(104, 'EL SANTUARIO', 1, 1),
(105, 'SEGOVIA', 1, 1),
(106, 'SONSÓN', 1, 1),
(107, 'SOPETRÁN', 1, 1),
(108, 'TÁMESIS', 1, 1),
(109, 'TARAZÁ', 1, 1),
(110, 'TARSO', 1, 1),
(111, 'TITIRIBÍ', 1, 1),
(112, 'TOLEDO', 1, 1),
(113, 'TURBO', 1, 1),
(114, 'URAMITA', 1, 1),
(115, 'URRAO', 1, 1),
(116, 'VALDIVIA', 1, 1),
(117, 'VALPARAÍSO', 1, 1),
(118, 'VEGACHÍ', 1, 1),
(119, 'VENECIA', 1, 1),
(120, 'VIGÍA DEL FUERTE', 1, 1),
(121, 'YALÍ', 1, 1),
(122, 'YARUMAL', 1, 1),
(123, 'YOLOMBÓ', 1, 1),
(124, 'YONDÓ', 1, 1),
(125, 'ZARAGOZA', 1, 1),
(126, 'BARRANQUILLA', 1, 4),
(127, 'BARANOA', 1, 4),
(128, 'CAMPO DE LA CRUZ', 1, 4),
(129, 'CANDELARIA', 1, 4),
(130, 'GALAPA', 1, 4),
(131, 'JUAN DE ACOSTA', 1, 4),
(132, 'LURUACO', 1, 4),
(133, 'MALAMBO', 1, 4),
(134, 'MANATÍ', 1, 4),
(135, 'PALMAR DE VARELA', 1, 4),
(136, 'PIOJÓ', 1, 4),
(137, 'POLONUEVO', 1, 4),
(138, 'PONEDERA', 1, 4),
(139, 'PUERTO COLOMBIA', 1, 4),
(140, 'REPELÓN', 1, 4),
(141, 'SABANAGRANDE', 1, 4),
(142, 'SABANALARGA', 1, 4),
(143, 'SANTA LUCÍA', 1, 4),
(144, 'SANTO TOMÁS', 1, 4),
(145, 'SOLEDAD', 1, 4),
(146, 'SUAN', 1, 4),
(147, 'TUBARÁ', 1, 4),
(148, 'USIACURÍ', 1, 4),
(149, 'BOGOTÁ, D.C.', 1, 5),
(150, 'CARTAGENA DE INDIAS', 1, 6),
(151, 'ACHÍ', 1, 6),
(152, 'ALTOS DEL ROSARIO', 1, 6),
(153, 'ARENAL', 1, 6),
(154, 'ARJONA', 1, 6),
(155, 'ARROYOHONDO', 1, 6),
(156, 'BARRANCO DE LOBA', 1, 6),
(157, 'CALAMAR', 1, 6),
(158, 'CANTAGALLO', 1, 6),
(159, 'CICUCO', 1, 6),
(160, 'CÓRDOBA', 1, 6),
(161, 'CLEMENCIA', 1, 6),
(162, 'EL CARMEN DE BOLÍVAR', 1, 6),
(163, 'EL GUAMO', 1, 6),
(164, 'EL PEÑÓN', 1, 6),
(165, 'HATILLO DE LOBA', 1, 6),
(166, 'MAGANGUÉ', 1, 6),
(167, 'MAHATES', 1, 6),
(168, 'MARGARITA', 1, 6),
(169, 'MARÍA LA BAJA', 1, 6),
(170, 'MONTECRISTO', 1, 6),
(171, 'MOMPÓS', 1, 6),
(172, 'MORALES', 1, 6),
(173, 'NOROSÍ', 1, 6),
(174, 'PINILLOS', 1, 6),
(175, 'REGIDOR', 1, 6),
(176, 'RÍO VIEJO', 1, 6),
(177, 'SAN CRISTÓBAL', 1, 6),
(178, 'SAN ESTANISLAO', 1, 6),
(179, 'SAN FERNANDO', 1, 6),
(180, 'SAN JACINTO', 1, 6),
(181, 'SAN JACINTO DEL CAUCA', 1, 6),
(182, 'SAN JUAN NEPOMUCENO', 1, 6),
(183, 'SAN MARTÍN DE LOBA', 1, 6),
(184, 'SAN PABLO', 1, 6),
(185, 'SANTA CATALINA', 1, 6),
(186, 'SANTA ROSA', 1, 6),
(187, 'SANTA ROSA DEL SUR', 1, 6),
(188, 'SIMITÍ', 1, 6),
(189, 'SOPLAVIENTO', 1, 6),
(190, 'TALAIGUA NUEVO', 1, 6),
(191, 'TIQUISIO', 1, 6),
(192, 'TURBACO', 1, 6),
(193, 'TURBANÁ', 1, 6),
(194, 'VILLANUEVA', 1, 6),
(195, 'ZAMBRANO', 1, 6),
(196, 'TUNJA', 1, 7),
(197, 'ALMEIDA', 1, 7),
(198, 'AQUITANIA', 1, 7),
(199, 'ARCABUCO', 1, 7),
(200, 'BELÉN', 1, 7),
(201, 'BERBEO', 1, 7),
(202, 'BETÉITIVA', 1, 7),
(203, 'BOAVITA', 1, 7),
(204, 'BOYACÁ', 1, 7),
(205, 'BRICEÑO', 1, 7),
(206, 'BUENAVISTA', 1, 7),
(207, 'BUSBANZÁ', 1, 7),
(208, 'CALDAS', 1, 7),
(209, 'CAMPOHERMOSO', 1, 7),
(210, 'CERINZA', 1, 7),
(211, 'CHINAVITA', 1, 7),
(212, 'CHIQUINQUIRÁ', 1, 7),
(213, 'CHISCAS', 1, 7),
(214, 'CHITA', 1, 7),
(215, 'CHITARAQUE', 1, 7),
(216, 'CHIVATÁ', 1, 7),
(217, 'CIÉNEGA', 1, 7),
(218, 'CÓMBITA', 1, 7),
(219, 'COPER', 1, 7),
(220, 'CORRALES', 1, 7),
(221, 'COVARACHÍA', 1, 7),
(222, 'CUBARÁ', 1, 7),
(223, 'CUCAITA', 1, 7),
(224, 'CUÍTIVA', 1, 7),
(225, 'CHÍQUIZA', 1, 7),
(226, 'CHIVOR', 1, 7),
(227, 'DUITAMA', 1, 7),
(228, 'EL COCUY', 1, 7),
(229, 'EL ESPINO', 1, 7),
(230, 'FIRAVITOBA', 1, 7),
(231, 'FLORESTA', 1, 7),
(232, 'GACHANTIVÁ', 1, 7),
(233, 'GÁMEZA', 1, 7),
(234, 'GARAGOA', 1, 7),
(235, 'GUACAMAYAS', 1, 7),
(236, 'GUATEQUE', 1, 7),
(237, 'GUAYATÁ', 1, 7),
(238, 'GÜICÁN', 1, 7),
(239, 'IZA', 1, 7),
(240, 'JENESANO', 1, 7),
(241, 'JERICÓ', 1, 7),
(242, 'LABRANZAGRANDE', 1, 7),
(243, 'LA CAPILLA', 1, 7),
(244, 'LA VICTORIA', 1, 7),
(245, 'LA UVITA', 1, 7),
(246, 'VILLA DE LEYVA', 1, 7),
(247, 'MACANAL', 1, 7),
(248, 'MARIPÍ', 1, 7),
(249, 'MIRAFLORES', 1, 7),
(250, 'MONGUA', 1, 7),
(251, 'MONGUÍ', 1, 7),
(252, 'MONIQUIRÁ', 1, 7),
(253, 'MOTAVITA', 1, 7),
(254, 'MUZO', 1, 7),
(255, 'NOBSA', 1, 7),
(256, 'NUEVO COLÓN', 1, 7),
(257, 'OICATÁ', 1, 7),
(258, 'OTANCHE', 1, 7),
(259, 'PACHAVITA', 1, 7),
(260, 'PÁEZ', 1, 7),
(261, 'PAIPA', 1, 7),
(262, 'PAJARITO', 1, 7),
(263, 'PANQUEBA', 1, 7),
(264, 'PAUNA', 1, 7),
(265, 'PAYA', 1, 7),
(266, 'PAZ DE RÍO', 1, 7),
(267, 'PESCA', 1, 7),
(268, 'PISBA', 1, 7),
(269, 'PUERTO BOYACÁ', 1, 7),
(270, 'QUÍPAMA', 1, 7),
(271, 'RAMIRIQUÍ', 1, 7),
(272, 'RÁQUIRA', 1, 7),
(273, 'RONDÓN', 1, 7),
(274, 'SABOYÁ', 1, 7),
(275, 'SÁCHICA', 1, 7),
(276, 'SAMACÁ', 1, 7),
(277, 'SAN EDUARDO', 1, 7),
(278, 'SAN JOSÉ DE PARE', 1, 7),
(279, 'SAN LUIS DE GACENO', 1, 7),
(280, 'SAN MATEO', 1, 7),
(281, 'SAN MIGUEL DE SEMA', 1, 7),
(282, 'SAN PABLO DE BORBUR', 1, 7),
(283, 'SANTANA', 1, 7),
(284, 'SANTA MARÍA', 1, 7),
(285, 'SANTA ROSA DE VITERBO', 1, 7),
(286, 'SANTA SOFÍA', 1, 7),
(287, 'SATIVANORTE', 1, 7),
(288, 'SATIVASUR', 1, 7),
(289, 'SIACHOQUE', 1, 7),
(290, 'SOATÁ', 1, 7),
(291, 'SOCOTÁ', 1, 7),
(292, 'SOCHA', 1, 7),
(293, 'SOGAMOSO', 1, 7),
(294, 'SOMONDOCO', 1, 7),
(295, 'SORA', 1, 7),
(296, 'SOTAQUIRÁ', 1, 7),
(297, 'SORACÁ', 1, 7),
(298, 'SUSACÓN', 1, 7),
(299, 'SUTAMARCHÁN', 1, 7),
(300, 'SUTATENZA', 1, 7),
(301, 'TASCO', 1, 7),
(302, 'TENZA', 1, 7),
(303, 'TIBANÁ', 1, 7),
(304, 'TIBASOSA', 1, 7),
(305, 'TINJACÁ', 1, 7),
(306, 'TIPACOQUE', 1, 7),
(307, 'TOCA', 1, 7),
(308, 'TOGÜÍ', 1, 7),
(309, 'TÓPAGA', 1, 7),
(310, 'TOTA', 1, 7),
(311, 'TUNUNGUÁ', 1, 7),
(312, 'TURMEQUÉ', 1, 7),
(313, 'TUTA', 1, 7),
(314, 'TUTAZÁ', 1, 7),
(315, 'ÚMBITA', 1, 7),
(316, 'VENTAQUEMADA', 1, 7),
(317, 'VIRACACHÁ', 1, 7),
(318, 'ZETAQUIRA', 1, 7),
(319, 'MANIZALES', 1, 8),
(320, 'AGUADAS', 1, 8),
(321, 'ANSERMA', 1, 8),
(322, 'ARANZAZU', 1, 8),
(323, 'BELALCÁZAR', 1, 8),
(324, 'CHINCHINÁ', 1, 8),
(325, 'FILADELFIA', 1, 8),
(326, 'LA DORADA', 1, 8),
(327, 'LA MERCED', 1, 8),
(328, 'MANZANARES', 1, 8),
(329, 'MARMATO', 1, 8),
(330, 'MARQUETALIA', 1, 8),
(331, 'MARULANDA', 1, 8),
(332, 'NEIRA', 1, 8),
(333, 'NORCASIA', 1, 8),
(334, 'PÁCORA', 1, 8),
(335, 'PALESTINA', 1, 8),
(336, 'PENSILVANIA', 1, 8),
(337, 'RIOSUCIO', 1, 8),
(338, 'RISARALDA', 1, 8),
(339, 'SALAMINA', 1, 8),
(340, 'SAMANÁ', 1, 8),
(341, 'SAN JOSÉ', 1, 8),
(342, 'SUPÍA', 1, 8),
(343, 'VICTORIA', 1, 8),
(344, 'VILLAMARÍA', 1, 8),
(345, 'VITERBO', 1, 8),
(346, 'FLORENCIA', 1, 9),
(347, 'ALBANIA', 1, 9),
(348, 'BELÉN DE LOS ANDAQUÍES', 1, 9),
(349, 'CARTAGENA DEL CHAIRÁ', 1, 9),
(350, 'CURILLO', 1, 9),
(351, 'EL DONCELLO', 1, 9),
(352, 'EL PAUJÍL', 1, 9),
(353, 'LA MONTAÑITA', 1, 9),
(354, 'MILÁN', 1, 9),
(355, 'MORELIA', 1, 9),
(356, 'PUERTO RICO', 1, 9),
(357, 'SAN JOSÉ DEL FRAGUA', 1, 9),
(358, 'SAN VICENTE DEL CAGUÁN', 1, 9),
(359, 'SOLANO', 1, 9),
(360, 'SOLITA', 1, 9),
(361, 'VALPARAÍSO', 1, 9),
(362, 'POPAYÁN', 1, 11),
(363, 'ALMAGUER', 1, 11),
(364, 'ARGELIA', 1, 11),
(365, 'BALBOA', 1, 11),
(366, 'BOLÍVAR', 1, 11),
(367, 'BUENOS AIRES', 1, 11),
(368, 'CAJIBÍO', 1, 11),
(369, 'CALDONO', 1, 11),
(370, 'CALOTO', 1, 11),
(371, 'CORINTO', 1, 11),
(372, 'EL TAMBO', 1, 11),
(373, 'FLORENCIA', 1, 11),
(374, 'GUACHENÉ', 1, 11),
(375, 'GUAPÍ', 1, 11),
(376, 'INZÁ', 1, 11),
(377, 'JAMBALÓ', 1, 11),
(378, 'LA SIERRA', 1, 11),
(379, 'LA VEGA', 1, 11),
(380, 'LÓPEZ DE MICAY', 1, 11),
(381, 'MERCADERES', 1, 11),
(382, 'MIRANDA', 1, 11),
(383, 'MORALES', 1, 11),
(384, 'PADILLA', 1, 11),
(385, 'PÁEZ', 1, 11),
(386, 'PATÍA', 1, 11),
(387, 'PIAMONTE', 1, 11),
(388, 'PIENDAMÓ', 1, 11),
(389, 'PUERTO TEJADA', 1, 11),
(390, 'PURACÉ', 1, 11),
(391, 'ROSAS', 1, 11),
(392, 'SAN SEBASTIÁN', 1, 11),
(393, 'SANTANDER DE QUILICHAO', 1, 11),
(394, 'SANTA ROSA', 1, 11),
(395, 'SILVIA', 1, 11),
(396, 'SOTARA', 1, 11),
(397, 'SUÁREZ', 1, 11),
(398, 'SUCRE', 1, 11),
(399, 'TIMBÍO', 1, 11),
(400, 'TIMBIQUÍ', 1, 11),
(401, 'TORIBÍO', 1, 11),
(402, 'TOTORÓ', 1, 11),
(403, 'VILLA RICA', 1, 11),
(404, 'VALLEDUPAR', 1, 12),
(405, 'AGUACHICA', 1, 12),
(406, 'AGUSTÍN CODAZZI', 1, 12),
(407, 'ASTREA', 1, 12),
(408, 'BECERRIL', 1, 12),
(409, 'BOSCONIA', 1, 12),
(410, 'CHIMICHAGUA', 1, 12),
(411, 'CHIRIGUANÁ', 1, 12),
(412, 'CURUMANÍ', 1, 12),
(413, 'EL COPEY', 1, 12),
(414, 'EL PASO', 1, 12),
(415, 'GAMARRA', 1, 12),
(416, 'GONZÁLEZ', 1, 12),
(417, 'LA GLORIA', 1, 12),
(418, 'LA JAGUA DE IBIRICO', 1, 12),
(419, 'MANAURE BALCÓN DEL CESAR', 1, 12),
(420, 'PAILITAS', 1, 12),
(421, 'PELAYA', 1, 12),
(422, 'PUEBLO BELLO', 1, 12),
(423, 'RÍO DE ORO', 1, 12),
(424, 'LA PAZ', 1, 12),
(425, 'SAN ALBERTO', 1, 12),
(426, 'SAN DIEGO', 1, 12),
(427, 'SAN MARTÍN', 1, 12),
(428, 'TAMALAMEQUE', 1, 12),
(429, 'MONTERÍA', 1, 14),
(430, 'AYAPEL', 1, 14),
(431, 'BUENAVISTA', 1, 14),
(432, 'CANALETE', 1, 14),
(433, 'CERETÉ', 1, 14),
(434, 'CHIMÁ', 1, 14),
(435, 'CHINÚ', 1, 14),
(436, 'CIÉNAGA DE ORO', 1, 14),
(437, 'COTORRA', 1, 14),
(438, 'LA APARTADA', 1, 14),
(439, 'LORICA', 1, 14),
(440, 'LOS CÓRDOBAS', 1, 14),
(441, 'MOMIL', 1, 14),
(442, 'MONTELÍBANO', 1, 14),
(443, 'MOÑITOS', 1, 14),
(444, 'PLANETA RICA', 1, 14),
(445, 'PUEBLO NUEVO', 1, 14),
(446, 'PUERTO ESCONDIDO', 1, 14),
(447, 'PUERTO LIBERTADOR', 1, 14),
(448, 'PURÍSIMA DE LA CONCEPCIÓN', 1, 14),
(449, 'SAHAGÚN', 1, 14),
(450, 'SAN ANDRÉS DE SOTAVENTO', 1, 14),
(451, 'SAN ANTERO', 1, 14),
(452, 'SAN BERNARDO DEL VIENTO', 1, 14),
(453, 'SAN CARLOS', 1, 14),
(454, 'SAN JOSÉ DE URÉ', 1, 14),
(455, 'SAN PELAYO', 1, 14),
(456, 'TIERRALTA', 1, 14),
(457, 'TUCHÍN', 1, 14),
(458, 'VALENCIA', 1, 14),
(459, 'AGUA DE DIOS', 1, 15),
(460, 'ALBÁN', 1, 15),
(461, 'ANAPOIMA', 1, 15),
(462, 'ANOLAIMA', 1, 15),
(463, 'ARBELÁEZ', 1, 15),
(464, 'BELTRÁN', 1, 15),
(465, 'BITUIMA', 1, 15),
(466, 'BOJACÁ', 1, 15),
(467, 'CABRERA', 1, 15),
(468, 'CACHIPAY', 1, 15),
(469, 'CAJICÁ', 1, 15),
(470, 'CAPARRAPÍ', 1, 15),
(471, 'CÁQUEZA', 1, 15),
(472, 'CARMEN DE CARUPA', 1, 15),
(473, 'CHAGUANÍ', 1, 15),
(474, 'CHÍA', 1, 15),
(475, 'CHIPAQUE', 1, 15),
(476, 'CHOACHÍ', 1, 15),
(477, 'CHOCONTÁ', 1, 15),
(478, 'COGUA', 1, 15),
(479, 'COTA', 1, 15),
(480, 'CUCUNUBÁ', 1, 15),
(481, 'EL COLEGIO', 1, 15),
(482, 'EL PEÑÓN', 1, 15),
(483, 'EL ROSAL', 1, 15),
(484, 'FACATATIVÁ', 1, 15),
(485, 'FÓMEQUE', 1, 15),
(486, 'FOSCA', 1, 15),
(487, 'FUNZA', 1, 15),
(488, 'FÚQUENE', 1, 15),
(489, 'FUSAGASUGÁ', 1, 15),
(490, 'GACHALÁ', 1, 15),
(491, 'GACHANCIPÁ', 1, 15),
(492, 'GACHETÁ', 1, 15),
(493, 'GAMA', 1, 15),
(494, 'GIRARDOT', 1, 15),
(495, 'GRANADA', 1, 15),
(496, 'GUACHETÁ', 1, 15),
(497, 'GUADUAS', 1, 15),
(498, 'GUASCA', 1, 15),
(499, 'GUATAQUÍ', 1, 15),
(500, 'GUATAVITA', 1, 15),
(501, 'GUAYABAL DE SÍQUIMA', 1, 15),
(502, 'GUAYABETAL', 1, 15),
(503, 'GUTIÉRREZ', 1, 15),
(504, 'JERUSALÉN', 1, 15),
(505, 'JUNÍN', 1, 15),
(506, 'LA CALERA', 1, 15),
(507, 'LA MESA', 1, 15),
(508, 'LA PALMA', 1, 15),
(509, 'LA PEÑA', 1, 15),
(510, 'LA VEGA', 1, 15),
(511, 'LENGUAZAQUE', 1, 15),
(512, 'MACHETÁ', 1, 15),
(513, 'MADRID', 1, 15),
(514, 'MANTA', 1, 15),
(515, 'MEDINA', 1, 15),
(516, 'MOSQUERA', 1, 15),
(517, 'NARIÑO', 1, 15),
(518, 'NEMOCÓN', 1, 15),
(519, 'NILO', 1, 15),
(520, 'NIMAIMA', 1, 15),
(521, 'NOCAIMA', 1, 15),
(522, 'VENECIA', 1, 15),
(523, 'PACHO', 1, 15),
(524, 'PAIME', 1, 15),
(525, 'PANDI', 1, 15),
(526, 'PARATEBUENO', 1, 15),
(527, 'PASCA', 1, 15),
(528, 'PUERTO SALGAR', 1, 15),
(529, 'PULÍ', 1, 15),
(530, 'QUEBRADANEGRA', 1, 15),
(531, 'QUETAME', 1, 15),
(532, 'QUIPILE', 1, 15),
(533, 'APULO', 1, 15),
(534, 'RICAURTE', 1, 15),
(535, 'SAN ANTONIO DEL TEQUENDAMA', 1, 15),
(536, 'SAN BERNARDO', 1, 15),
(537, 'SAN CAYETANO', 1, 15),
(538, 'SAN FRANCISCO', 1, 15),
(539, 'SAN JUAN DE RIOSECO', 1, 15),
(540, 'SASAIMA', 1, 15),
(541, 'SESQUILÉ', 1, 15),
(542, 'SIBATÉ', 1, 15),
(543, 'SILVANIA', 1, 15),
(544, 'SIMIJACA', 1, 15),
(545, 'SOACHA', 1, 15),
(546, 'SOPÓ', 1, 15),
(547, 'SUBACHOQUE', 1, 15),
(548, 'SUESCA', 1, 15),
(549, 'SUPATÁ', 1, 15),
(550, 'SUSA', 1, 15),
(551, 'SUTATAUSA', 1, 15),
(552, 'TABIO', 1, 15),
(553, 'TAUSA', 1, 15),
(554, 'TENA', 1, 15),
(555, 'TENJO', 1, 15),
(556, 'TIBACUY', 1, 15),
(557, 'TIBIRITA', 1, 15),
(558, 'TOCAIMA', 1, 15),
(559, 'TOCANCIPÁ', 1, 15),
(560, 'TOPAIPÍ', 1, 15),
(561, 'UBALÁ', 1, 15),
(562, 'UBAQUE', 1, 15),
(563, 'VILLA DE SAN DIEGO DE UBATÉ', 1, 15),
(564, 'UNE', 1, 15),
(565, 'ÚTICA', 1, 15),
(566, 'VERGARA', 1, 15),
(567, 'VIANÍ', 1, 15),
(568, 'VILLAGÓMEZ', 1, 15),
(569, 'VILLAPINZÓN', 1, 15),
(570, 'VILLETA', 1, 15),
(571, 'VIOTÁ', 1, 15),
(572, 'YACOPÍ', 1, 15),
(573, 'ZIPACÓN', 1, 15),
(574, 'ZIPAQUIRÁ', 1, 15),
(575, 'QUIBDÓ', 1, 13),
(576, 'ACANDÍ', 1, 13),
(577, 'ALTO BAUDÓ', 1, 13),
(578, 'ATRATO', 1, 13),
(579, 'BAGADÓ', 1, 13),
(580, 'BAHÍA SOLANO', 1, 13),
(581, 'BAJO BAUDÓ', 1, 13),
(582, 'BOJAYÁ', 1, 13),
(583, 'EL CANTÓN DEL SAN PABLO', 1, 13),
(584, 'CARMEN DEL DARIÉN', 1, 13),
(585, 'CÉRTEGUI', 1, 13),
(586, 'CONDOTO', 1, 13),
(587, 'EL CARMEN DE ATRATO', 1, 13),
(588, 'EL LITORAL DEL SAN JUAN', 1, 13),
(589, 'ISTMINA', 1, 13),
(590, 'JURADÓ', 1, 13),
(591, 'LLORÓ', 1, 13),
(592, 'MEDIO ATRATO', 1, 13),
(593, 'MEDIO BAUDÓ', 1, 13),
(594, 'MEDIO SAN JUAN', 1, 13),
(595, 'NÓVITA', 1, 13),
(596, 'NUQUÍ', 1, 13),
(597, 'RÍO IRÓ', 1, 13),
(598, 'RÍO QUITO', 1, 13),
(599, 'RIOSUCIO', 1, 13),
(600, 'SAN JOSÉ DEL PALMAR', 1, 13),
(601, 'SIPÍ', 1, 13),
(602, 'TADÓ', 1, 13),
(603, 'UNGUÍA', 1, 13),
(604, 'UNIÓN PANAMERICANA', 1, 13),
(605, 'NEIVA', 1, 18),
(606, 'ACEVEDO', 1, 18),
(607, 'AGRADO', 1, 18),
(608, 'AIPE', 1, 18),
(609, 'ALGECIRAS', 1, 18),
(610, 'ALTAMIRA', 1, 18),
(611, 'BARAYA', 1, 18),
(612, 'CAMPOALEGRE', 1, 18),
(613, 'COLOMBIA', 1, 18),
(614, 'ELÍAS', 1, 18),
(615, 'GARZÓN', 1, 18),
(616, 'GIGANTE', 1, 18),
(617, 'GUADALUPE', 1, 18),
(618, 'HOBO', 1, 18),
(619, 'ÍQUIRA', 1, 18),
(620, 'ISNOS', 1, 18),
(621, 'LA ARGENTINA', 1, 18),
(622, 'LA PLATA', 1, 18),
(623, 'NÁTAGA', 1, 18),
(624, 'OPORAPA', 1, 18),
(625, 'PAICOL', 1, 18),
(626, 'PALERMO', 1, 18),
(627, 'PALESTINA', 1, 18),
(628, 'PITAL', 1, 18),
(629, 'PITALITO', 1, 18),
(630, 'RIVERA', 1, 18),
(631, 'SALADOBLANCO', 1, 18),
(632, 'SAN AGUSTÍN', 1, 18),
(633, 'SANTA MARÍA', 1, 18),
(634, 'SUAZA', 1, 18),
(635, 'TARQUI', 1, 18),
(636, 'TESALIA', 1, 18),
(637, 'TELLO', 1, 18),
(638, 'TERUEL', 1, 18),
(639, 'TIMANÁ', 1, 18),
(640, 'VILLAVIEJA', 1, 18),
(641, 'YAGUARÁ', 1, 18),
(642, 'RIOHACHA', 1, 19),
(643, 'ALBANIA', 1, 19),
(644, 'BARRANCAS', 1, 19),
(645, 'DIBULLA', 1, 19),
(646, 'DISTRACCIÓN', 1, 19),
(647, 'EL MOLINO', 1, 19),
(648, 'FONSECA', 1, 19),
(649, 'HATONUEVO', 1, 19),
(650, 'LA JAGUA DEL PILAR', 1, 19),
(651, 'MAICAO', 1, 19),
(652, 'MANAURE', 1, 19),
(653, 'SAN JUAN DEL CESAR', 1, 19),
(654, 'URIBIA', 1, 19),
(655, 'URUMITA', 1, 19),
(656, 'VILLANUEVA', 1, 19),
(657, 'SANTA MARTA', 1, 20),
(658, 'ALGARROBO', 1, 20),
(659, 'ARACATACA', 1, 20),
(660, 'ARIGUANÍ', 1, 20),
(661, 'CERRO DE SAN ANTONIO', 1, 20),
(662, 'CHIVOLO', 1, 20),
(663, 'CIÉNAGA', 1, 20),
(664, 'CONCORDIA', 1, 20),
(665, 'EL BANCO', 1, 20),
(666, 'EL PIÑÓN', 1, 20),
(667, 'EL RETÉN', 1, 20),
(668, 'FUNDACIÓN', 1, 20),
(669, 'GUAMAL', 1, 20),
(670, 'NUEVA GRANADA', 1, 20),
(671, 'PEDRAZA', 1, 20),
(672, 'PIJIÑO DEL CARMEN', 1, 20),
(673, 'PIVIJAY', 1, 20),
(674, 'PLATO', 1, 20),
(675, 'PUEBLOVIEJO', 1, 20),
(676, 'REMOLINO', 1, 20),
(677, 'SABANAS DE SAN ÁNGEL', 1, 20),
(678, 'SALAMINA', 1, 20),
(679, 'SAN SEBASTIÁN DE BUENAVISTA', 1, 20),
(680, 'SAN ZENÓN', 1, 20),
(681, 'SANTA ANA', 1, 20),
(682, 'SANTA BÁRBARA DE PINTO', 1, 20),
(683, 'SITIONUEVO', 1, 20),
(684, 'TENERIFE', 1, 20),
(685, 'ZAPAYÁN', 1, 20),
(686, 'ZONA BANANERA', 1, 20),
(687, 'VILLAVICENCIO', 1, 21),
(688, 'ACACÍAS', 1, 21),
(689, 'BARRANCA DE UPÍA', 1, 21),
(690, 'CABUYARO', 1, 21),
(691, 'CASTILLA LA NUEVA', 1, 21),
(692, 'SAN LUIS DE CUBARRAL', 1, 21),
(693, 'CUMARAL', 1, 21),
(694, 'EL CALVARIO', 1, 21),
(695, 'EL CASTILLO', 1, 21),
(696, 'EL DORADO', 1, 21),
(697, 'FUENTE DE ORO', 1, 21),
(698, 'GRANADA', 1, 21),
(699, 'GUAMAL', 1, 21),
(700, 'MAPIRIPÁN', 1, 21),
(701, 'MESETAS', 1, 21),
(702, 'LA MACARENA', 1, 21),
(703, 'URIBE', 1, 21),
(704, 'LEJANÍAS', 1, 21),
(705, 'PUERTO CONCORDIA', 1, 21),
(706, 'PUERTO GAITÁN', 1, 21),
(707, 'PUERTO LÓPEZ', 1, 21),
(708, 'PUERTO LLERAS', 1, 21),
(709, 'PUERTO RICO', 1, 21),
(710, 'RESTREPO', 1, 21),
(711, 'SAN CARLOS DE GUAROA', 1, 21),
(712, 'SAN JUAN DE ARAMA', 1, 21),
(713, 'SAN JUANITO', 1, 21),
(714, 'SAN MARTÍN', 1, 21),
(715, 'VISTAHERMOSA', 1, 21),
(716, 'PASTO', 1, 23),
(717, 'ALBÁN', 1, 23),
(718, 'ALDANA', 1, 23),
(719, 'ANCUYÁ', 1, 23),
(720, 'ARBOLEDA', 1, 23),
(721, 'BARBACOAS', 1, 23),
(722, 'BELÉN', 1, 23),
(723, 'BUESACO', 1, 23),
(724, 'COLÓN', 1, 23),
(725, 'CONSACÁ', 1, 23),
(726, 'CONTADERO', 1, 23),
(727, 'CÓRDOBA', 1, 23),
(728, 'CUASPÚD', 1, 23),
(729, 'CUMBAL', 1, 23),
(730, 'CUMBITARA', 1, 23),
(731, 'CHACHAGÜÍ', 1, 23),
(732, 'EL CHARCO', 1, 23),
(733, 'EL PEÑOL', 1, 23),
(734, 'EL ROSARIO', 1, 23),
(735, 'EL TABLÓN DE GÓMEZ', 1, 23),
(736, 'EL TAMBO', 1, 23),
(737, 'FUNES', 1, 23),
(738, 'GUACHUCAL', 1, 23),
(739, 'GUAITARILLA', 1, 23),
(740, 'GUALMATÁN', 1, 23),
(741, 'ILES', 1, 23),
(742, 'IMUÉS', 1, 23),
(743, 'IPIALES', 1, 23),
(744, 'LA CRUZ', 1, 23),
(745, 'LA FLORIDA', 1, 23),
(746, 'LA LLANADA', 1, 23),
(747, 'LA TOLA', 1, 23),
(748, 'LA UNIÓN', 1, 23),
(749, 'LEIVA', 1, 23),
(750, 'LINARES', 1, 23),
(751, 'LOS ANDES', 1, 23),
(752, 'MAGÜÍ', 1, 23),
(753, 'MALLAMA', 1, 23),
(754, 'MOSQUERA', 1, 23),
(755, 'NARIÑO', 1, 23),
(756, 'OLAYA HERRERA', 1, 23),
(757, 'OSPINA', 1, 23),
(758, 'FRANCISCO PIZARRO', 1, 23),
(759, 'POLICARPA', 1, 23),
(760, 'POTOSÍ', 1, 23),
(761, 'PROVIDENCIA', 1, 23),
(762, 'PUERRES', 1, 23),
(763, 'PUPIALES', 1, 23),
(764, 'RICAURTE', 1, 23),
(765, 'ROBERTO PAYÁN', 1, 23),
(766, 'SAMANIEGO', 1, 23),
(767, 'SANDONÁ', 1, 23),
(768, 'SAN BERNARDO', 1, 23),
(769, 'SAN LORENZO', 1, 23),
(770, 'SAN PABLO', 1, 23),
(771, 'SAN PEDRO DE CARTAGO', 1, 23),
(772, 'SANTA BÁRBARA', 1, 23),
(773, 'SANTACRUZ', 1, 23),
(774, 'SAPUYES', 1, 23),
(775, 'TAMINANGO', 1, 23),
(776, 'TANGUA', 1, 23),
(777, 'SAN ANDRÉS DE TUMACO', 1, 23),
(778, 'TÚQUERRES', 1, 23),
(779, 'YACUANQUER', 1, 23),
(780, 'CÚCUTA', 1, 22),
(781, 'ÁBREGO', 1, 22),
(782, 'ARBOLEDAS', 1, 22),
(783, 'BOCHALEMA', 1, 22),
(784, 'BUCARASICA', 1, 22),
(785, 'CÁCOTA', 1, 22),
(786, 'CÁCHIRA', 1, 22),
(787, 'CHINÁCOTA', 1, 22),
(788, 'CHITAGÁ', 1, 22),
(789, 'CONVENCIÓN', 1, 22),
(790, 'CUCUTILLA', 1, 22),
(791, 'DURANIA', 1, 22),
(792, 'EL CARMEN', 1, 22),
(793, 'EL TARRA', 1, 22),
(794, 'EL ZULIA', 1, 22),
(795, 'GRAMALOTE', 1, 22),
(796, 'HACARÍ', 1, 22),
(797, 'HERRÁN', 1, 22),
(798, 'LABATECA', 1, 22),
(799, 'LA ESPERANZA', 1, 22),
(800, 'LA PLAYA', 1, 22),
(801, 'LOS PATIOS', 1, 22),
(802, 'LOURDES', 1, 22),
(803, 'MUTISCUA', 1, 22),
(804, 'OCAÑA', 1, 22),
(805, 'PAMPLONA', 1, 22),
(806, 'PAMPLONITA', 1, 22),
(807, 'PUERTO SANTANDER', 1, 22),
(808, 'RAGONVALIA', 1, 22),
(809, 'SALAZAR', 1, 22),
(810, 'SAN CALIXTO', 1, 22),
(811, 'SAN CAYETANO', 1, 22),
(812, 'SANTIAGO', 1, 22),
(813, 'SARDINATA', 1, 22),
(814, 'SILOS', 1, 22),
(815, 'TEORAMA', 1, 22),
(816, 'TIBÚ', 1, 22),
(817, 'TOLEDO', 1, 22),
(818, 'VILLA CARO', 1, 22),
(819, 'VILLA DEL ROSARIO', 1, 22),
(820, 'ARMENIA', 1, 25),
(821, 'BUENAVISTA', 1, 25),
(822, 'CALARCÁ', 1, 25),
(823, 'CIRCASIA', 1, 25),
(824, 'CÓRDOBA', 1, 25),
(825, 'FILANDIA', 1, 25),
(826, 'GÉNOVA', 1, 25),
(827, 'LA TEBAIDA', 1, 25),
(828, 'MONTENEGRO', 1, 25),
(829, 'PIJAO', 1, 25),
(830, 'QUIMBAYA', 1, 25),
(831, 'SALENTO', 1, 25),
(832, 'PEREIRA', 1, 26),
(833, 'APÍA', 1, 26),
(834, 'BALBOA', 1, 26),
(835, 'BELÉN DE UMBRÍA', 1, 26),
(836, 'DOSQUEBRADAS', 1, 26),
(837, 'GUÁTICA', 1, 26),
(838, 'LA CELIA', 1, 26),
(839, 'LA VIRGINIA', 1, 26),
(840, 'MARSELLA', 1, 26),
(841, 'MISTRATÓ', 1, 26),
(842, 'PUEBLO RICO', 1, 26),
(843, 'QUINCHÍA', 1, 26),
(844, 'SANTA ROSA DE CABAL', 1, 26),
(845, 'SANTUARIO', 1, 26),
(846, 'BUCARAMANGA', 1, 28),
(847, 'AGUADA', 1, 28),
(848, 'ALBANIA', 1, 28),
(849, 'ARATOCA', 1, 28),
(850, 'BARBOSA', 1, 28),
(851, 'BARICHARA', 1, 28),
(852, 'BARRANCABERMEJA', 1, 28),
(853, 'BETULIA', 1, 28),
(854, 'BOLÍVAR', 1, 28),
(855, 'CABRERA', 1, 28),
(856, 'CALIFORNIA', 1, 28),
(857, 'CAPITANEJO', 1, 28),
(858, 'CARCASÍ', 1, 28),
(859, 'CEPITÁ', 1, 28),
(860, 'CERRITO', 1, 28),
(861, 'CHARALÁ', 1, 28),
(862, 'CHARTA', 1, 28),
(863, 'CHIMA', 1, 28),
(864, 'CHIPATÁ', 1, 28),
(865, 'CIMITARRA', 1, 28),
(866, 'CONCEPCIÓN', 1, 28),
(867, 'CONFINES', 1, 28),
(868, 'CONTRATACIÓN', 1, 28),
(869, 'COROMORO', 1, 28),
(870, 'CURITÍ', 1, 28),
(871, 'EL CARMEN DE CHUCURÍ', 1, 28),
(872, 'EL GUACAMAYO', 1, 28),
(873, 'EL PEÑÓN', 1, 28),
(874, 'EL PLAYÓN', 1, 28),
(875, 'ENCINO', 1, 28),
(876, 'ENCISO', 1, 28),
(877, 'FLORIÁN', 1, 28),
(878, 'FLORIDABLANCA', 1, 28),
(879, 'GALÁN', 1, 28),
(880, 'GÁMBITA', 1, 28),
(881, 'GIRÓN', 1, 28),
(882, 'GUACA', 1, 28),
(883, 'GUADALUPE', 1, 28),
(884, 'GUAPOTÁ', 1, 28),
(885, 'GUAVATÁ', 1, 28),
(886, 'GÜEPSA', 1, 28),
(887, 'HATO', 1, 28),
(888, 'JESÚS MARÍA', 1, 28),
(889, 'JORDÁN', 1, 28),
(890, 'LA BELLEZA', 1, 28),
(891, 'LANDÁZURI', 1, 28),
(892, 'LA PAZ', 1, 28),
(893, 'LEBRIJA', 1, 28),
(894, 'LOS SANTOS', 1, 28),
(895, 'MACARAVITA', 1, 28),
(896, 'MÁLAGA', 1, 28),
(897, 'MATANZA', 1, 28),
(898, 'MOGOTES', 1, 28),
(899, 'MOLAGAVITA', 1, 28),
(900, 'OCAMONTE', 1, 28),
(901, 'OIBA', 1, 28),
(902, 'ONZAGA', 1, 28),
(903, 'PALMAR', 1, 28),
(904, 'PALMAS DEL SOCORRO', 1, 28),
(905, 'PÁRAMO', 1, 28),
(906, 'PIEDECUESTA', 1, 28),
(907, 'PINCHOTE', 1, 28),
(908, 'PUENTE NACIONAL', 1, 28),
(909, 'PUERTO PARRA', 1, 28),
(910, 'PUERTO WILCHES', 1, 28),
(911, 'RIONEGRO', 1, 28),
(912, 'SABANA DE TORRES', 1, 28),
(913, 'SAN ANDRÉS', 1, 28),
(914, 'SAN BENITO', 1, 28),
(915, 'SAN GIL', 1, 28),
(916, 'SAN JOAQUÍN', 1, 28),
(917, 'SAN JOSÉ DE MIRANDA', 1, 28),
(918, 'SAN MIGUEL', 1, 28),
(919, 'SAN VICENTE DE CHUCURÍ', 1, 28),
(920, 'SANTA BÁRBARA', 1, 28),
(921, 'SANTA HELENA DEL OPÓN', 1, 28),
(922, 'SIMACOTA', 1, 28),
(923, 'SOCORRO', 1, 28),
(924, 'SUAITA', 1, 28),
(925, 'SUCRE', 1, 28),
(926, 'SURATÁ', 1, 28),
(927, 'TONA', 1, 28),
(928, 'VALLE DE SAN JOSÉ', 1, 28),
(929, 'VÉLEZ', 1, 28),
(930, 'VETAS', 1, 28),
(931, 'VILLANUEVA', 1, 28),
(932, 'ZAPATOCA', 1, 28),
(933, 'SINCELEJO', 1, 29),
(934, 'BUENAVISTA', 1, 29),
(935, 'CAIMITO', 1, 29),
(936, 'COLOSO', 1, 29),
(937, 'COROZAL', 1, 29),
(938, 'COVEÑAS', 1, 29),
(939, 'CHALÁN', 1, 29),
(940, 'EL ROBLE', 1, 29),
(941, 'GALERAS', 1, 29),
(942, 'GUARANDA', 1, 29),
(943, 'LA UNIÓN', 1, 29),
(944, 'LOS PALMITOS', 1, 29),
(945, 'MAJAGUAL', 1, 29),
(946, 'MORROA', 1, 29),
(947, 'OVEJAS', 1, 29),
(948, 'PALMITO', 1, 29),
(949, 'SAMPUÉS', 1, 29),
(950, 'SAN BENITO ABAD', 1, 29),
(951, 'SAN JUAN DE BETULIA', 1, 29),
(952, 'SAN MARCOS', 1, 29),
(953, 'SAN ONOFRE', 1, 29),
(954, 'SAN PEDRO', 1, 29),
(955, 'SAN LUIS DE SINCÉ', 1, 29),
(956, 'SUCRE', 1, 29),
(957, 'SANTIAGO DE TOLÚ', 1, 29),
(958, 'TOLÚ VIEJO', 1, 29),
(959, 'IBAGUÉ', 1, 30),
(960, 'ALPUJARRA', 1, 30),
(961, 'ALVARADO', 1, 30),
(962, 'AMBALEMA', 1, 30),
(963, 'ANZOÁTEGUI', 1, 30),
(964, 'ARMERO GUAYABAL', 1, 30),
(965, 'ATACO', 1, 30),
(966, 'CAJAMARCA', 1, 30),
(967, 'CARMEN DE APICALÁ', 1, 30),
(968, 'CASABIANCA', 1, 30),
(969, 'CHAPARRAL', 1, 30),
(970, 'COELLO', 1, 30),
(971, 'COYAIMA', 1, 30),
(972, 'CUNDAY', 1, 30),
(973, 'DOLORES', 1, 30),
(974, 'ESPINAL', 1, 30),
(975, 'FALAN', 1, 30),
(976, 'FLANDES', 1, 30),
(977, 'FRESNO', 1, 30),
(978, 'GUAMO', 1, 30),
(979, 'HERVEO', 1, 30),
(980, 'HONDA', 1, 30),
(981, 'ICONONZO', 1, 30),
(982, 'LÉRIDA', 1, 30),
(983, 'LÍBANO', 1, 30),
(984, 'SAN SEBASTIÁN DE MARIQUITA', 1, 30),
(985, 'MELGAR', 1, 30),
(986, 'MURILLO', 1, 30),
(987, 'NATAGAIMA', 1, 30),
(988, 'ORTEGA', 1, 30),
(989, 'PALOCABILDO', 1, 30),
(990, 'PIEDRAS', 1, 30),
(991, 'PLANADAS', 1, 30),
(992, 'PRADO', 1, 30),
(993, 'PURIFICACIÓN', 1, 30),
(994, 'RIOBLANCO', 1, 30),
(995, 'RONCESVALLES', 1, 30),
(996, 'ROVIRA', 1, 30),
(997, 'SALDAÑA', 1, 30),
(998, 'SAN ANTONIO', 1, 30),
(999, 'SAN LUIS', 1, 30),
(1000, 'SANTA ISABEL', 1, 30),
(1001, 'SUÁREZ', 1, 30),
(1002, 'VALLE DE SAN JUAN', 1, 30),
(1003, 'VENADILLO', 1, 30),
(1004, 'VILLAHERMOSA', 1, 30),
(1005, 'VILLARRICA', 1, 30),
(1006, 'CALI', 1, 31),
(1007, 'ALCALÁ', 1, 31),
(1008, 'ANDALUCÍA', 1, 31),
(1009, 'ANSERMANUEVO', 1, 31),
(1010, 'ARGELIA', 1, 31),
(1011, 'BOLÍVAR', 1, 31),
(1012, 'BUENAVENTURA', 1, 31),
(1013, 'GUADALAJARA DE BUGA', 1, 31),
(1014, 'BUGALAGRANDE', 1, 31),
(1015, 'CAICEDONIA', 1, 31),
(1016, 'CALIMA', 1, 31),
(1017, 'CANDELARIA', 1, 31),
(1018, 'CARTAGO', 1, 31),
(1019, 'DAGUA', 1, 31),
(1020, 'EL ÁGUILA', 1, 31),
(1021, 'EL CAIRO', 1, 31),
(1022, 'EL CERRITO', 1, 31),
(1023, 'EL DOVIO', 1, 31),
(1024, 'FLORIDA', 1, 31),
(1025, 'GINEBRA', 1, 31),
(1026, 'GUACARÍ', 1, 31),
(1027, 'JAMUNDÍ', 1, 31),
(1028, 'LA CUMBRE', 1, 31),
(1029, 'LA UNIÓN', 1, 31),
(1030, 'LA VICTORIA', 1, 31),
(1031, 'OBANDO', 1, 31),
(1032, 'PALMIRA', 1, 31),
(1033, 'PRADERA', 1, 31),
(1034, 'RESTREPO', 1, 31),
(1035, 'RIOFRÍO', 1, 31),
(1036, 'ROLDANILLO', 1, 31),
(1037, 'SAN PEDRO', 1, 31),
(1038, 'SEVILLA', 1, 31),
(1039, 'TORO', 1, 31),
(1040, 'TRUJILLO', 1, 31),
(1041, 'TULUÁ', 1, 31),
(1042, 'ULLOA', 1, 31),
(1043, 'VERSALLES', 1, 31),
(1044, 'VIJES', 1, 31),
(1045, 'YOTOCO', 1, 31),
(1046, 'YUMBO', 1, 31),
(1047, 'ZARZAL', 1, 31),
(1048, 'ARAUCA', 1, 3),
(1049, 'ARAUQUITA', 1, 3),
(1050, 'CRAVO NORTE', 1, 3),
(1051, 'FORTUL', 1, 3),
(1052, 'PUERTO RONDÓN', 1, 3),
(1053, 'SARAVENA', 1, 3),
(1054, 'TAME', 1, 3),
(1055, 'YOPAL', 1, 10),
(1056, 'AGUAZUL', 1, 10),
(1057, 'CHÁMEZA', 1, 10),
(1058, 'HATO COROZAL', 1, 10),
(1059, 'LA SALINA', 1, 10),
(1060, 'MANÍ', 1, 10),
(1061, 'MONTERREY', 1, 10),
(1062, 'NUNCHÍA', 1, 10),
(1063, 'OROCUÉ', 1, 10),
(1064, 'PAZ DE ARIPORO', 1, 10),
(1065, 'PORE', 1, 10),
(1066, 'RECETOR', 1, 10),
(1067, 'SABANALARGA', 1, 10),
(1068, 'SÁCAMA', 1, 10),
(1069, 'SAN LUIS DE PALENQUE', 1, 10),
(1070, 'TÁMARA', 1, 10),
(1071, 'TAURAMENA', 1, 10),
(1072, 'TRINIDAD', 1, 10),
(1073, 'VILLANUEVA', 1, 10),
(1074, 'MOCOA', 1, 24),
(1075, 'COLÓN', 1, 24),
(1076, 'ORITO', 1, 24),
(1077, 'PUERTO ASÍS', 1, 24),
(1078, 'PUERTO CAICEDO', 1, 24),
(1079, 'PUERTO GUZMÁN', 1, 24),
(1080, 'PUERTO LEGUÍZAMO', 1, 24),
(1081, 'SIBUNDOY', 1, 24),
(1082, 'SAN FRANCISCO', 1, 24),
(1083, 'SAN MIGUEL', 1, 24),
(1084, 'SANTIAGO', 1, 24),
(1085, 'VALLE DEL GUAMUEZ', 1, 24),
(1086, 'VILLAGARZÓN', 1, 24),
(1087, 'SAN ANDRÉS', 1, 27),
(1088, 'PROVIDENCIA', 1, 27),
(1089, 'LETICIA', 1, 2),
(1090, 'EL ENCANTO', 1, 2),
(1091, 'LA CHORRERA', 1, 2),
(1092, 'LA PEDRERA', 1, 2),
(1093, 'LA VICTORIA', 1, 2),
(1094, 'MIRITÍ - PARANÁ', 1, 2),
(1095, 'PUERTO ALEGRÍA', 1, 2),
(1096, 'PUERTO ARICA', 1, 2),
(1097, 'PUERTO NARIÑO', 1, 2),
(1098, 'PUERTO SANTANDER', 1, 2),
(1099, 'TARAPACÁ', 1, 2),
(1100, 'INÍRIDA', 1, 16),
(1101, 'BARRANCO MINAS', 1, 16),
(1102, 'MAPIRIPANA', 1, 16),
(1103, 'SAN FELIPE', 1, 16),
(1104, 'PUERTO COLOMBIA', 1, 16),
(1105, 'LA GUADALUPE', 1, 16),
(1106, 'CACAHUAL', 1, 16),
(1107, 'PANA PANA', 1, 16),
(1108, 'MORICHAL', 1, 16),
(1109, 'SAN JOSÉ DEL GUAVIARE', 1, 17),
(1110, 'CALAMAR', 1, 17),
(1111, 'EL RETORNO', 1, 17),
(1112, 'MIRAFLORES', 1, 17),
(1113, 'MITÚ', 1, 32),
(1114, 'CARURÚ', 1, 32),
(1115, 'PACOA', 1, 32),
(1116, 'TARAIRA', 1, 32),
(1117, 'PAPUNAUA', 1, 32),
(1118, 'YAVARATÉ', 1, 32),
(1119, 'PUERTO CARREÑO', 1, 33),
(1120, 'LA PRIMAVERA', 1, 33),
(1121, 'SANTA ROSALÍA', 1, 33),
(1122, 'CUMARIBO', 1, 33);

-- --------------------------------------------------------

--
-- Estructura de tabla para la tabla `lista_paises`
--

CREATE TABLE IF NOT EXISTS `lista_paises` (
  `id` int(10) unsigned NOT NULL AUTO_INCREMENT,
  `pais` varchar(255) COLLATE utf8_unicode_ci NOT NULL,
  PRIMARY KEY (`id`)
) ENGINE=InnoDB  DEFAULT CHARSET=utf8 COLLATE=utf8_unicode_ci AUTO_INCREMENT=2 ;

--
-- Volcado de datos para la tabla `lista_paises`
--

INSERT INTO `lista_paises` (`id`, `pais`) VALUES
(1, 'Colombia');

-- --------------------------------------------------------

--
-- Estructura de tabla para la tabla `migrations`
--

CREATE TABLE IF NOT EXISTS `migrations` (
  `migration` varchar(255) COLLATE utf8_unicode_ci NOT NULL,
  `batch` int(11) NOT NULL
) ENGINE=InnoDB DEFAULT CHARSET=utf8 COLLATE=utf8_unicode_ci;

--
-- Volcado de datos para la tabla `migrations`
--

INSERT INTO `migrations` (`migration`, `batch`) VALUES
('2014_05_15_223130_create_users_table', 1),
('2014_05_23_154013_create_tipos_table', 1),
('2014_05_27_220031_create_ubicaciones_table', 1),
('2014_05_29_021915_create_contacs_table', 1),
('2014_05_29_030747_create_DbListaPaises_table', 1),
('2014_05_29_031005_create_DbListaEstados_table', 1),
('2014_05_29_053540_create_DbListaMunicipios_table', 1);

-- --------------------------------------------------------

--
-- Estructura de tabla para la tabla `tipos`
--

CREATE TABLE IF NOT EXISTS `tipos` (
  `id` int(10) unsigned NOT NULL AUTO_INCREMENT,
  `name` varchar(255) COLLATE utf8_unicode_ci NOT NULL,
  `slug` varchar(255) COLLATE utf8_unicode_ci NOT NULL,
  `created_at` timestamp NOT NULL DEFAULT '0000-00-00 00:00:00',
  `updated_at` timestamp NOT NULL DEFAULT '0000-00-00 00:00:00',
  PRIMARY KEY (`id`)
) ENGINE=InnoDB  DEFAULT CHARSET=utf8 COLLATE=utf8_unicode_ci AUTO_INCREMENT=7 ;

--
-- Volcado de datos para la tabla `tipos`
--

INSERT INTO `tipos` (`id`, `name`, `slug`, `created_at`, `updated_at`) VALUES
(1, 'General', 'general', '2014-06-10 03:21:11', '2014-06-10 03:21:11'),
(2, 'Instituciones Educativas - Rectores - Docentes', 'colegios', '2014-06-10 03:21:11', '2014-06-10 03:21:11'),
(3, 'Equipo Corazones - Facilitadores - Misioneros', 'equipo', '2014-06-10 03:21:11', '2014-06-10 03:21:11'),
(4, 'Gobierno - Empleados Publicos - Organizaciones Gubernamentales', 'gobierno', '2014-06-10 03:21:11', '2014-06-10 03:21:11'),
(5, 'Ministerios - Lideres - Pastores - Iglesias', 'iglesia', '2014-06-10 03:21:11', '2014-06-10 03:21:11'),
(6, 'Empresas - Proveedores - Donadores', 'empresa', '2014-06-10 03:21:11', '2014-06-10 03:21:11');

-- --------------------------------------------------------

--
-- Estructura de tabla para la tabla `ubicaciones`
--

CREATE TABLE IF NOT EXISTS `ubicaciones` (
  `id` int(10) unsigned NOT NULL AUTO_INCREMENT,
  `pais` varchar(255) COLLATE utf8_unicode_ci NOT NULL,
  `ciudad` varchar(255) COLLATE utf8_unicode_ci NOT NULL,
  `created_at` timestamp NOT NULL DEFAULT '0000-00-00 00:00:00',
  `updated_at` timestamp NOT NULL DEFAULT '0000-00-00 00:00:00',
  PRIMARY KEY (`id`)
) ENGINE=InnoDB DEFAULT CHARSET=utf8 COLLATE=utf8_unicode_ci AUTO_INCREMENT=1 ;

-- --------------------------------------------------------

--
-- Estructura de tabla para la tabla `users`
--

CREATE TABLE IF NOT EXISTS `users` (
  `id` int(10) unsigned NOT NULL AUTO_INCREMENT,
  `full_name` varchar(255) COLLATE utf8_unicode_ci NOT NULL,
  `email` varchar(255) COLLATE utf8_unicode_ci NOT NULL,
  `password` varchar(255) COLLATE utf8_unicode_ci NOT NULL,
  `type` enum('admin','viewer') COLLATE utf8_unicode_ci NOT NULL,
  `remember_token` varchar(255) COLLATE utf8_unicode_ci DEFAULT NULL,
  `created_at` timestamp NOT NULL DEFAULT '0000-00-00 00:00:00',
  `updated_at` timestamp NOT NULL DEFAULT '0000-00-00 00:00:00',
  PRIMARY KEY (`id`)
) ENGINE=InnoDB  DEFAULT CHARSET=utf8 COLLATE=utf8_unicode_ci AUTO_INCREMENT=84 ;

--
-- Volcado de datos para la tabla `users`
--

INSERT INTO `users` (`id`, `full_name`, `email`, `password`, `type`, `remember_token`, `created_at`, `updated_at`) VALUES
(1, 'Mellie Skiles', 'angelica32@pfannerstill.biz', '$2y$10$4bQk2Sws3cb3dgBujeb76uxe6OWMbVUdBZ1Cl.xgeRTA1ctOYQpL.', 'viewer', NULL, '2014-06-10 03:21:11', '2014-06-10 03:21:11'),
(2, 'Aubrey Sauer', 'maryse.kozey@hotmail.com', '$2y$10$5ooiFYkxRqH3B5V2zb9jYuYl9MSXpuuoCIlHIkX9T9yD1JUPK./HK', 'viewer', NULL, '2014-06-10 03:21:11', '2014-06-10 03:21:11'),
(3, 'Palma Jast V', 'triston.collier@hotmail.com', '$2y$10$3u/egFHjNmD31HZLlgjSdOS3IwhiNtGhcqbBahy.fLqaEhciKdGfa', 'viewer', NULL, '2014-06-10 03:21:11', '2014-06-10 03:21:11'),
(4, 'Mrs. Wade Ankunding MD', 'barrows.elyssa@effertz.com', '$2y$10$edj.C0.6XNkzkB3aj.8rU.ZSA1DUQjJb4O7VGIdehQW6GauwTUziu', 'viewer', NULL, '2014-06-10 03:21:12', '2014-06-10 03:21:12'),
(5, 'Jewel Willms', 'lind.dell@ziemewolff.com', '$2y$10$SSJwlijKpJ7/qWpJenXhZuY1WqDO/UmoKxmmPKSrgRon3jkzMskUy', 'viewer', NULL, '2014-06-10 03:21:12', '2014-06-10 03:21:12'),
(6, 'Clemmie Lockman', 'monserrate.kuhlman@gmail.com', '$2y$10$5.KGTdUEK/X9bOoRK/TO.uw0UDBBcQb09B84ycYPkw4wNG1A.1LdW', 'viewer', NULL, '2014-06-10 03:21:12', '2014-06-10 03:21:12'),
(7, 'Ms. Arthur Swift', 'lionel53@medhurst.com', '$2y$10$MVk2apwXGckU2ZROdQkP9Oy3oVGRZxJhIVzRpYlMJFjvNZdVpJxPW', 'viewer', NULL, '2014-06-10 03:21:12', '2014-06-10 03:21:12'),
(8, 'Keagan Mitchell', 'eldon99@hotmail.com', '$2y$10$1fKd2DzLl.6LSVVfoJNqSeYUpWelORX5zrMuCoLpfYRR4s2WNFNpu', 'viewer', NULL, '2014-06-10 03:21:12', '2014-06-10 03:21:12'),
(9, 'Theo McGlynn', 'cjohns@conroywalker.com', '$2y$10$MEwh/.whnP7hhwEUEhk2Z.RBNbJ7ftLLrq/wnd71RZVCq1CydbKcG', 'viewer', NULL, '2014-06-10 03:21:12', '2014-06-10 03:21:12'),
(10, 'Lauren Huel', 'kschaefer@hotmail.com', '$2y$10$GG3B1XCnf.K0jKvBWfeGl.nXBYWb65VBj2mroj9Y4.82SD/ZjR4XG', 'viewer', NULL, '2014-06-10 03:21:12', '2014-06-10 03:21:12'),
(11, 'Sarina Leffler', 'xschinner@gmail.com', '$2y$10$fKdkrry5xPnMgPBnWaZmoOXL5xeOBUXgLsI7nSsiOT/5xKK71Kydy', 'viewer', NULL, '2014-06-10 03:21:12', '2014-06-10 03:21:12'),
(12, 'Jeanette Quigley', 'wlangworth@monahantorphy.com', '$2y$10$odAOsMMUQrYHlfFn1A45.OxojrsTXWSjy76QrtbueRbz9GLP7.13S', 'viewer', NULL, '2014-06-10 03:21:12', '2014-06-10 03:21:12'),
(13, 'Candace Schaden', 'vicky69@gusikowski.com', '$2y$10$VcTM3tRkUZe6fbmZqSOf0Ot4TfH.7XsYBU35xLgdWa6nJyBO0GWbm', 'viewer', NULL, '2014-06-10 03:21:12', '2014-06-10 03:21:12'),
(14, 'Mina Lakin DDS', 'kayleigh87@fisher.org', '$2y$10$dnZtuxfD4WLuoNGdcZ1Uw.whzD3TnVde5wYtuLgaVAMO1WirYjZiO', 'viewer', NULL, '2014-06-10 03:21:13', '2014-06-10 03:21:13'),
(15, 'Miss Astrid Becker', 'mhilll@yahoo.com', '$2y$10$gvmEcWsoXarwNd5BvzMpy.TmWkPpE/20h5yXxpoeWNwj2vM77l9v.', 'viewer', NULL, '2014-06-10 03:21:13', '2014-06-10 03:21:13'),
(16, 'Ms. Alysha Mueller I', 'bwatsica@hotmail.com', '$2y$10$Q5oRG12oScJ.Tyvs69xAB.rRmZpCdMp6szSxyKlBLxXsdH.kZTcdq', 'viewer', NULL, '2014-06-10 03:21:13', '2014-06-10 03:21:13'),
(17, 'Joe Shields', 'leffertz@rennerosinski.info', '$2y$10$/Vb0ytwEobrQIMPm5TFQweCNXKysQHxeoDNEzOZ/DPLRwu9YKTAtK', 'viewer', NULL, '2014-06-10 03:21:13', '2014-06-10 03:21:13'),
(18, 'Edmond Volkman', 'dwillms@will.net', '$2y$10$hE7LH6phaIIwcEBq5MpkZ.V.l8GakxJdg33m/92EQjucY8d1.C4ru', 'viewer', NULL, '2014-06-10 03:21:13', '2014-06-10 03:21:13'),
(19, 'Ms. Devon Kuhlman', 'kiara.schulist@hotmail.com', '$2y$10$lPt9FaXYnBtYciAukz83IeFsVNTSA6ghQq0cM1T0cLOgHPxCkzc6O', 'viewer', NULL, '2014-06-10 03:21:13', '2014-06-10 03:21:13'),
(20, 'Consuelo Rogahn', 'shanahan.luciano@yahoo.com', '$2y$10$chpX000E1YxvycozaTbh1.9tb7jQ9e765xx44O1vTkW/HfTKszwXW', 'viewer', NULL, '2014-06-10 03:21:13', '2014-06-10 03:21:13'),
(21, 'Dolores Rempel', 'dicki.laverna@gmail.com', '$2y$10$cCVKRMGMACcAHfb8KBUE/urOGNqO9rN8DwQjmXDC1py44ODurS2e6', 'viewer', NULL, '2014-06-10 03:21:13', '2014-06-10 03:21:13'),
(22, 'Citlalli Baumbach', 'gutkowski.noelia@gmail.com', '$2y$10$uUAqQ36V27ydm2lZe52VbOtlfzuudwpj3wxs2bA2Z1sbSV6pPwFC.', 'viewer', NULL, '2014-06-10 03:21:13', '2014-06-10 03:21:13'),
(23, 'Tia Medhurst', 'morgan.hermiston@hotmail.com', '$2y$10$k2kFTddSO2jiGEwnUgNbS.SggO.hUxF7u9sJSAjzhMoEOd4miftgW', 'viewer', NULL, '2014-06-10 03:21:13', '2014-06-10 03:21:13'),
(24, 'Brandon Wilderman II', 'ayana90@hotmail.com', '$2y$10$3zXcB59tv5Gvoc0kwUsbEOzzPx2ylFJoLjrH7NhC7AHJfrqG9e7Ya', 'viewer', NULL, '2014-06-10 03:21:14', '2014-06-10 03:21:14'),
(25, 'Miss Agustin Kris', 'drippin@gmail.com', '$2y$10$wgcBQhNGWx3r42K5geOI/OKT2tT0cyHldxN.X.8J5ZzULtjogezhm', 'viewer', NULL, '2014-06-10 03:21:14', '2014-06-10 03:21:14'),
(26, 'Burley Terry', 'conrad18@hotmail.com', '$2y$10$Oj2UN9nERJ1c5ZH20xn/2eweqWd982ooPg3MkB20HWoHreD4e2S/q', 'viewer', NULL, '2014-06-10 03:21:14', '2014-06-10 03:21:14'),
(27, 'Timothy Kassulke', 'obie60@yahoo.com', '$2y$10$wbb42bEN84ZgkwK8Bjlwc.9aQbyZznBrrYEFpJrby4JyHdeOXiHBq', 'viewer', NULL, '2014-06-10 03:21:14', '2014-06-10 03:21:14'),
(28, 'Maurine Robel PhD', 'mozell66@gmail.com', '$2y$10$E6vozQs3a0I/T3CPVQuAjOaBx6lRLDX8j3Pb.p6kp25MYrW/f2Xke', 'viewer', NULL, '2014-06-10 03:21:14', '2014-06-10 03:21:14'),
(29, 'Robyn McDermott', 'jay.armstrong@hotmail.com', '$2y$10$9TsF2sz2gQcHzloZ.o0mLeL0MWdJteJ6YAUKOUJM7.cXDM/8ZDgO2', 'viewer', NULL, '2014-06-10 03:21:14', '2014-06-10 03:21:14'),
(30, 'Cynthia Hartmann', 'ondricka.bernice@gmail.com', '$2y$10$dvITXjLQeNE/RrEdiXm3QeQFcOLKh/Bb6NfwmZjZ1RD9erkqw5BO6', 'viewer', NULL, '2014-06-10 03:21:14', '2014-06-10 03:21:14'),
(31, 'Lorena Bins', 'winifred.orn@hotmail.com', '$2y$10$rebuAAgzNsib8XOEDM3S/emwMl68eUVhJcAKOu29vnD2WPWaM4t3i', 'viewer', NULL, '2014-06-10 03:21:14', '2014-06-10 03:21:14'),
(32, 'Mr. Onie Dibbert MD', 'schowalter.herminia@gmail.com', '$2y$10$E4U2jb0RRnPwzfANZuwH4OtWZmZTeIrsmQSypHIhnkMJbuUSEeOpm', 'viewer', NULL, '2014-06-10 03:21:14', '2014-06-10 03:21:14'),
(33, 'Mrs. Morris Deckow II', 'lionel10@deckow.com', '$2y$10$ee.k8Y8jpQArxk4c1mYFP.8A7pSGOSXJ6NJ6Ybb41LlW5A7HIooU.', 'viewer', NULL, '2014-06-10 03:21:15', '2014-06-10 03:21:15'),
(34, 'Richard Schamberger', 'beaulah.ernser@reinger.com', '$2y$10$n5BdUL7zmJrC2KwGcseIQOwbUjClygYv21gg.xfKAYrKF/8f9WUMW', 'viewer', NULL, '2014-06-10 03:21:15', '2014-06-10 03:21:15'),
(35, 'Rosalia Considine', 'elza76@homenick.org', '$2y$10$ECXCBNmh9p9RMqHtSyihLeQI.zG/pJTmJIhPZV4eWGKt0Z5Fqya6K', 'viewer', NULL, '2014-06-10 03:21:15', '2014-06-10 03:21:15'),
(36, 'Danielle Rau', 'torphy.devan@cole.biz', '$2y$10$SvKQBDAl.QFKuGQwjAud7uW7jpgtkKfJ9g1GZ7WO1Vxp1e/8RLXhW', 'viewer', NULL, '2014-06-10 03:21:15', '2014-06-10 03:21:15'),
(37, 'Blair Witting', 'ekerluke@faynader.com', '$2y$10$mGa9HGRAm1S7gze4NKhsXeZYS2VWDKDG4tQONpA5XGzVAbeG2iRQ2', 'viewer', NULL, '2014-06-10 03:21:15', '2014-06-10 03:21:15'),
(38, 'Porter Wehner IV', 'elliott.walter@hotmail.com', '$2y$10$GrW/xPh2tZAfdOVtayiL3OWdtsUgU9KJ/1oy1sTt43OeNlAjpKPWa', 'viewer', NULL, '2014-06-10 03:21:15', '2014-06-10 03:21:15'),
(39, 'Dr. Hellen Goodwin IV', 'cassandre.cruickshank@murray.com', '$2y$10$PwsmUddAuS2gIV7QbfbYhuBa1wl6fcuUmpdOQS1kgEQj44qyQ2djS', 'viewer', NULL, '2014-06-10 03:21:15', '2014-06-10 03:21:15'),
(40, 'Dr. Tianna Corwin', 'arnaldo.roob@cruickshankhartmann.com', '$2y$10$R/iQEBl.dcZh3oxPRtId0ujEUyAo8R5b.SBu6uoR5GWJ9COR891Mi', 'viewer', NULL, '2014-06-10 03:21:15', '2014-06-10 03:21:15'),
(41, 'Ms. Brenna Renner', 'sauer.mckayla@langmante.com', '$2y$10$NSfLFRfRVEzP5TX9hDW7M.k0AKitF53DcOZa1gVeraleWUYzJ1Itm', 'viewer', NULL, '2014-06-10 03:21:15', '2014-06-10 03:21:15'),
(42, 'Ashton Wilkinson', 'omoen@hotmail.com', '$2y$10$6erIBr7F3521pPsc8GwlmeZQyjA5PAIrez0v8SJCuCLsUSAu2n82.', 'viewer', NULL, '2014-06-10 03:21:16', '2014-06-10 03:21:16'),
(43, 'Santos Aufderhar', 'shaun87@gmail.com', '$2y$10$24v/tQou3ZIS6ixOmsZJyeNbCn9crB8Ba.BiyCSokDboaHF8Ub16y', 'viewer', NULL, '2014-06-10 03:21:16', '2014-06-10 03:21:16'),
(44, 'Maximilian Hansen', 'lindgren.hermann@gmail.com', '$2y$10$7xesL740YYqLLWyYxebFK.qUNu0/.RjujuT5nFbLp2R8ntCAOGXdW', 'viewer', NULL, '2014-06-10 03:21:16', '2014-06-10 03:21:16'),
(45, 'Ms. Ivah Legros PhD', 'wdickens@braun.com', '$2y$10$O2YmzYYLl4r.B4zXtQWlNeQTPnNGrMvyDC.Cjcp0JX9fjAzrEXIKy', 'viewer', NULL, '2014-06-10 03:21:16', '2014-06-10 03:21:16'),
(46, 'Jerad Heathcote', 'von.pearlie@hotmail.com', '$2y$10$ipK9vgXkFUENlU9qgPVv7.EVWRlk0Lv0kM9/4Gj4VOk8M7VMno5OW', 'viewer', NULL, '2014-06-10 03:21:16', '2014-06-10 03:21:16'),
(47, 'Miss Marc Dach IV', 'caitlyn.anderson@gmail.com', '$2y$10$bv1ci//3dEK131hz2KoV2eqb3CCb9.Y6NjgpWCnNJjOTj1GKZMIJO', 'viewer', NULL, '2014-06-10 03:21:16', '2014-06-10 03:21:16'),
(48, 'Mathew Keeling', 'tabitha82@murazik.com', '$2y$10$eaw2CVmB2Ds0yItuk8Jh0eb4GzmOUD.02kOYS57mFJWin0.ZSWnrS', 'viewer', NULL, '2014-06-10 03:21:16', '2014-06-10 03:21:16'),
(49, 'Edmond Larson', 'susanna38@hotmail.com', '$2y$10$9KUL0c8Wy.lrr2Urp0HIHeaO1IbSGJZ6TxM0NfbtsP/.4PEAfHoCq', 'viewer', NULL, '2014-06-10 03:21:16', '2014-06-10 03:21:16'),
(50, 'Kaya Jacobs', 'tito.stoltenberg@kuphal.info', '$2y$10$CbulTfBENQvoGuwFPkkPqeVgKIJMBKspB6YMWZ.ZQlzKgtXyM.wVy', 'viewer', NULL, '2014-06-10 03:21:16', '2014-06-10 03:21:16'),
(51, 'Leslie Hermann', 'bnienow@steuber.com', '$2y$10$nTRrGTe7haRQ4bE2k97qHux8iMp8m7mrDR.ZhuZXPH2X/KUzZikT.', 'viewer', NULL, '2014-06-10 03:21:17', '2014-06-10 03:21:17'),
(52, 'Ms. Lue Weber III', 'rhand@hotmail.com', '$2y$10$1ieoAVHUZXwKmenSkgNgo.cYxGOR5ZuT1BAxU0Rg8IMrXa5UcFU2W', 'viewer', NULL, '2014-06-10 03:21:17', '2014-06-10 03:21:17'),
(53, 'Jocelyn Schultz IV', 'zstracke@koelpin.com', '$2y$10$pS/8WO8HNsfECQZ/fXO01.rDWbAr3JIBFpdB8DTzCn.V2pq.vipBW', 'viewer', NULL, '2014-06-10 03:21:17', '2014-06-10 03:21:17'),
(54, 'Dereck Kreiger', 'brody.weimann@gmail.com', '$2y$10$V7mTSHqsdw42Ey55BpTp4eXhQval/UNAn9vmfGkcX8.iijErXPODy', 'viewer', NULL, '2014-06-10 03:21:17', '2014-06-10 03:21:17'),
(55, 'Barton Koelpin MD', 'gturner@hermann.net', '$2y$10$AhyW5lIbD98cTfu4mIHiWuR6ykSJeGwW8Q/uLqN/kMO0rSk5cL0wK', 'viewer', NULL, '2014-06-10 03:21:17', '2014-06-10 03:21:17'),
(56, 'Irwin Breitenberg', 'melissa91@kautzer.com', '$2y$10$mgOEgT9Q7jHiDDFXSaOC4.HDf7hdxkGO1K0FQNvQN5HZCh5Qs27pq', 'viewer', NULL, '2014-06-10 03:21:17', '2014-06-10 03:21:17'),
(57, 'Doyle Monahan', 'lyla.lebsack@gmail.com', '$2y$10$sM0xay7qOmMdSbe4Fdd8IOiFlNTms.k6xeqUgdqaliZdAa/eNwdOu', 'viewer', NULL, '2014-06-10 03:21:17', '2014-06-10 03:21:17'),
(58, 'Marlene Berge', 'elinor.cole@flatley.info', '$2y$10$aimyeqBYsCQkSNLHQXEm5Oh.BMmu3R6MayMUmCu3tPbLVsMW7Wkjy', 'viewer', NULL, '2014-06-10 03:21:17', '2014-06-10 03:21:17'),
(59, 'Mireille Sanford II', 'awolf@yahoo.com', '$2y$10$J8KNb4JJODb/.pmXbQLwIeQGkDSjjrd.XjHDX7McM6wjXvnisLTQu', 'viewer', NULL, '2014-06-10 03:21:18', '2014-06-10 03:21:18'),
(60, 'Kameron Stoltenberg', 'kallie84@koepp.com', '$2y$10$tDYUa/ek17RfbRrqNIDZM.8SkzFZgaLjECmKRdECeE4L7aik/EToC', 'viewer', NULL, '2014-06-10 03:21:18', '2014-06-10 03:21:18'),
(61, 'Ms. Sarah Hills Sr.', 'keebler.ole@oconner.com', '$2y$10$oUrBgIZ.umppEP3vTmkre.WL8rQo2fvkd5wwVTzRMNYPM.5ycgPBq', 'viewer', NULL, '2014-06-10 03:21:18', '2014-06-10 03:21:18'),
(62, 'Raquel Mohr', 'rocky.wyman@gmail.com', '$2y$10$tCnXA02imhS7bUYhf5P6e.ks5PU97J4jE2NR/D09vCgJKMdsNcbxW', 'viewer', NULL, '2014-06-10 03:21:18', '2014-06-10 03:21:18'),
(63, 'Chaya Hartmann', 'npfeffer@hahnrobel.com', '$2y$10$HFeVTq2PiKAAcC/dTWBjiu5NEaHt8wZ0rkgRJBDxlGwIdP3.fKKSu', 'viewer', NULL, '2014-06-10 03:21:18', '2014-06-10 03:21:18'),
(64, 'Wyman Veum', 'oberbrunner.helena@vandervort.org', '$2y$10$FG//VbaxvaX01AlJAONY0eLoZbOitz6qxq26KClZMNR/koN3lWZXq', 'viewer', NULL, '2014-06-10 03:21:18', '2014-06-10 03:21:18'),
(65, 'Mr. Abigail Murray V', 'taufderhar@davis.net', '$2y$10$vtBsnPrP7Vn4xcb6EABdMOErQz5tv4MouU9WsgCWXPs/5teSn4Z/i', 'viewer', NULL, '2014-06-10 03:21:18', '2014-06-10 03:21:18'),
(66, 'Mrs. Deborah DuBuque V', 'torphy.frances@yahoo.com', '$2y$10$SGLU3YBns8TiTdHPqaZQV.3S4NudZ463.sdVXdLk0/4PbdgqRuqUK', 'viewer', NULL, '2014-06-10 03:21:18', '2014-06-10 03:21:18'),
(67, 'Mr. Aliza Glover II', 'kkoelpin@gmail.com', '$2y$10$Q.u7qvbMaHKjUBVnOZfzDeJ5WECswUJXhp71bzs0YUzAeLfXULTtO', 'viewer', NULL, '2014-06-10 03:21:18', '2014-06-10 03:21:18'),
(68, 'Clementine Casper', 'wyman.cielo@willraynor.info', '$2y$10$LpgsRN/EyCTd3YKBqCd6Z.9XS70vZokponI.B8Lz9Cvsvm0l.qgxq', 'viewer', NULL, '2014-06-10 03:21:18', '2014-06-10 03:21:18'),
(69, 'Daisha Glover', 'gust02@hilll.com', '$2y$10$sa1sRpk3AX6C7F.iB7IYOub2eKXb6tLs8ntYnYY17RgWBTCC3CL4C', 'viewer', NULL, '2014-06-10 03:21:19', '2014-06-10 03:21:19'),
(70, 'Miss Pierce Hirthe Sr.', 'frieda.ryan@doyle.com', '$2y$10$4ntErU8ny..9VnCtZmOW2eaz3d4CDSAQZig8yDH0kZ6/SlMov4sBm', 'viewer', NULL, '2014-06-10 03:21:19', '2014-06-10 03:21:19'),
(71, 'Carissa Legros', 'rabbott@rolfson.com', '$2y$10$C.NWZF7h.q6Nt.X5z8a2JeJzTXaarRXU5e.84Dg35cnlr2GE/ge2u', 'viewer', NULL, '2014-06-10 03:21:19', '2014-06-10 03:21:19'),
(72, 'Antoinette Raynor', 'nicole.erdman@gmail.com', '$2y$10$ENiVq4w7/4vQ2UtrSISqYuCtZpiDkKgS9Lm6t3ntsKC6iUBrk18sK', 'viewer', NULL, '2014-06-10 03:21:19', '2014-06-10 03:21:19'),
(73, 'Joannie Mohr', 'marlon21@yahoo.com', '$2y$10$ru6oFoEpLvwKgdrYX.fkgOPn64FNZJMWh.zaZ2C4qWK/VJ4qUu85q', 'viewer', NULL, '2014-06-10 03:21:19', '2014-06-10 03:21:19'),
(74, 'Celine Langosh', 'ygrady@buckridge.com', '$2y$10$WP0Ob7I/rYEngJ7GP29cBephtZzhNAiLbvgw0Jwd1yZKZXS6T8IAK', 'viewer', NULL, '2014-06-10 03:21:19', '2014-06-10 03:21:19'),
(75, 'Myrl McClure', 'deonte37@yahoo.com', '$2y$10$swbRwnorUb9puACgoMh1g.NJ6Foxx3pzvZePI9oKfzdnLd6unGdsa', 'viewer', NULL, '2014-06-10 03:21:19', '2014-06-10 03:21:19'),
(76, 'Precious Prohaska', 'tyra.hand@gmail.com', '$2y$10$lyqudOx1QiiJA1KqbZsxZuzHELBXCQC6IEq0KcZAfyJp3I6xzi1Ve', 'viewer', NULL, '2014-06-10 03:21:19', '2014-06-10 03:21:19'),
(77, 'Steve Langworth', 'donnie.langosh@gmail.com', '$2y$10$s8AGgmAXRjIQaYaQtumzU.BGOvyFUvfMwkMnPYthkc8XsjFN15.J6', 'viewer', NULL, '2014-06-10 03:21:19', '2014-06-10 03:21:19'),
(78, 'Gaylord Wehner', 'garnet.monahan@yahoo.com', '$2y$10$KBgOuuSv33NlRKMkAaWXW.9NESB63U.DqP2I334NE7AbA8TqIp/E.', 'viewer', NULL, '2014-06-10 03:21:19', '2014-06-10 03:21:19'),
(79, 'Mr. Rebeka Smith MD', 'considine.jordy@mosciski.com', '$2y$10$T6tcjm2Vw5J6WExQtbYYseKDj3mGYOutIxGQ5EX5pbnEkA9D.zx.m', 'viewer', NULL, '2014-06-10 03:21:20', '2014-06-10 03:21:20'),
(80, 'Breana O''Reilly', 'howe.pink@lefflerhoppe.com', '$2y$10$EJjTtgWM80vUDcS8mdKdzOpR5CAFhhFzGQ3wpi21Ozu5TlB7yw7My', 'viewer', NULL, '2014-06-10 03:21:20', '2014-06-10 03:21:20'),
(81, 'Jair fabian Celis', 'jair.celis@rdt.la', '$2y$10$jRgk9AHifDjCqUqP6NVy2OYp/iBU3G6zznSpznN08rFcY8Tc.gxIq', 'viewer', 'zGG11T9yCwaCQhNAS1FMj6qsmy6WA9bEINt1D4mUziN1U7ZqZ7y4ziKR70p1', '2014-06-10 04:09:13', '2014-06-19 12:09:02'),
(82, 'Mario Babarczy', 'mario@corazonesenaccion.org', '$2y$10$u3WRL7jgAutH6OlKxRSxiuRbxgL4CmzNGEVPDGA.d2dtl8/yNhJ3.', 'viewer', 'kqH3tM7Kd1JpU5Ub8eHYJjmiPOXHw40hKD7ikYc9NRqEfXJUDRvJ1SvbI87M', '2014-06-18 02:28:34', '2014-07-08 01:11:29'),
(83, 'jair', 'j@c.com', '$2y$10$G72rbHBgOuyDiOC/EEwFkOp19hsW0kQs96Rdnd02LaMw.dlM6hn4O', 'viewer', 'GsfKwEVFwfvttiEOqZplK5AJi1X2P8zoxxCujobcHi74rJw4baLKismSGX6b', '2014-06-20 23:37:59', '2014-07-12 04:14:15');

--
-- Restricciones para tablas volcadas
--

--
-- Filtros para la tabla `contacts`
--
ALTER TABLE `contacts`
  ADD CONSTRAINT `contacts_tipo_id_foreign` FOREIGN KEY (`tipo_id`) REFERENCES `tipos` (`id`);

/*!40101 SET CHARACTER_SET_CLIENT=@OLD_CHARACTER_SET_CLIENT */;
/*!40101 SET CHARACTER_SET_RESULTS=@OLD_CHARACTER_SET_RESULTS */;
/*!40101 SET COLLATION_CONNECTION=@OLD_COLLATION_CONNECTION */;
